,Player Name,Salary,Position,Age,Team,GP,GS,MP,FG,FGA,FG%,3P,3PA,3P%,2P,2PA,2P%,eFG%,FT,FTA,FT%,ORB,DRB,TRB,AST,STL,BLK,TOV,PF,PTS,Player-additional
0,Stephen Curry,48070014,PG,34,GSW,56,56,34.7,10.0,20.2,0.493,4.9,11.4,0.427,5.1,8.8,0.579,0.614,4.6,5.0,0.915,0.7,5.4,6.1,6.3,0.9,0.4,3.2,2.1,29.4,curryst01
1,John Wall,47345760,PG,32,LAC,34,3,22.2,4.1,9.9,0.408,1.0,3.2,0.303,3.1,6.7,0.459,0.457,2.3,3.3,0.681,0.4,2.3,2.7,5.2,0.8,0.4,2.4,1.7,11.4,walljo01
2,Russell Westbrook,47080179,PG,34,LAL/LAC,73,24,29.1,5.9,13.6,0.436,1.2,3.9,0.311,4.7,9.7,0.487,0.481,2.8,4.3,0.656,1.2,4.6,5.8,7.5,1.0,0.5,3.5,2.2,15.9,westbru01
3,LeBron James,44474988,PF,38,LAL,55,54,35.5,11.1,22.2,0.5,2.2,6.9,0.321,8.9,15.3,0.58,0.549,4.6,5.9,0.768,1.2,7.1,8.3,6.8,0.9,0.6,3.2,1.6,28.9,jamesle01
4,Kevin Durant,44119845,PF,34,BRK/PHO,47,47,35.6,10.3,18.3,0.56,2.0,4.9,0.404,8.3,13.4,0.617,0.614,6.5,7.1,0.919,0.4,6.3,6.7,5.0,0.7,1.4,3.3,2.1,29.1,duranke01
5,Bradley Beal,43279250,SG,29,WAS,50,50,33.5,8.9,17.6,0.506,1.6,4.4,0.365,7.3,13.2,0.552,0.551,3.8,4.6,0.842,0.8,3.1,3.9,5.4,0.9,0.7,2.9,2.1,23.2,bealbr01
6,Kawhi Leonard,42492492,SF,31,LAC,52,50,33.6,8.6,16.8,0.512,2.0,4.8,0.416,6.6,11.9,0.551,0.572,4.7,5.4,0.871,1.1,5.4,6.5,3.9,1.4,0.5,1.7,1.6,23.8,leonaka01
7,Paul George,42492492,SF,32,LAC,56,56,34.6,8.2,17.9,0.457,2.8,7.6,0.371,5.4,10.3,0.521,0.536,4.6,5.3,0.871,0.8,5.3,6.1,5.1,1.5,0.4,3.1,2.8,23.8,georgpa01
8,Giannis Antetokounmpo,42492492,PF,28,MIL,63,63,32.1,11.2,20.3,0.553,0.7,2.7,0.275,10.5,17.6,0.596,0.572,7.9,12.3,0.645,2.2,9.6,11.8,5.7,0.8,0.8,3.9,3.1,31.1,antetgi01
9,Damian Lillard,42492492,PG,32,POR,58,58,36.3,9.6,20.7,0.463,4.2,11.3,0.371,5.4,9.4,0.574,0.564,8.8,9.6,0.914,0.8,4.0,4.8,7.3,0.9,0.3,3.3,1.9,32.2,lillada01
10,Klay Thompson,40600080,SF,32,GSW,69,69,33.0,7.9,18.1,0.436,4.4,10.6,0.412,3.6,7.6,0.47,0.556,1.7,1.9,0.879,0.6,3.6,4.1,2.4,0.7,0.4,1.8,1.9,21.9,thompkl01
11,Kyrie Irving,38917057,PG-SG,30,BRK/DAL,60,60,37.4,9.9,20.1,0.494,3.1,8.3,0.379,6.8,11.8,0.574,0.572,4.1,4.6,0.905,1.0,4.1,5.1,5.5,1.1,0.8,2.1,2.8,27.1,irvinky01
12,Rudy Gobert,38172414,C,30,MIN,70,70,30.7,5.1,7.8,0.659,0.0,0.0,0.0,5.1,7.8,0.663,0.659,3.1,4.9,0.644,3.3,8.3,11.6,1.2,0.8,1.4,1.7,3.0,13.4,goberru01
13,Khris Middleton,37984276,SF,31,MIL,33,19,24.3,5.4,12.3,0.436,1.5,4.9,0.315,3.8,7.4,0.516,0.499,2.8,3.1,0.902,0.8,3.4,4.2,4.9,0.7,0.2,2.2,2.1,15.1,middlkh01
14,Anthony Davis,37980720,C,29,LAL,56,54,34.0,9.7,17.2,0.563,0.3,1.3,0.257,9.3,15.9,0.589,0.573,6.2,7.9,0.784,3.5,9.1,12.5,2.6,1.1,2.0,2.2,2.6,25.9,davisan02
15,Jimmy Butler,37653300,PF,33,MIA,64,64,33.4,7.5,13.9,0.539,0.6,1.6,0.35,6.9,12.3,0.564,0.56,7.4,8.7,0.85,2.2,3.7,5.9,5.3,1.8,0.3,1.6,1.3,22.9,butleji01
16,Tobias Harris,37633050,SF,30,PHI,74,74,32.9,5.7,11.4,0.501,1.7,4.4,0.389,4.0,7.0,0.57,0.575,1.5,1.7,0.876,0.9,4.8,5.7,2.5,0.9,0.5,1.2,2.0,14.7,harrito02
17,Kemba Walker,37281261,PG,32,DAL,9,1,16.0,2.7,6.3,0.421,0.8,3.1,0.25,1.9,3.2,0.586,0.482,1.9,2.3,0.81,0.3,1.4,1.8,2.1,0.2,0.2,0.4,1.2,8.0,walkeke02
18,Trae Young,37096500,PG,24,ATL,73,73,34.8,8.2,19.0,0.429,2.1,6.3,0.335,6.1,12.7,0.476,0.485,7.8,8.8,0.886,0.8,2.2,3.0,10.2,1.1,0.1,4.1,1.4,26.2,youngtr01
19,Zach LaVine,37096500,SG,27,CHI,77,77,35.9,8.7,18.0,0.485,2.6,7.1,0.375,6.1,11.0,0.556,0.558,4.7,5.6,0.848,0.5,3.9,4.5,4.2,0.9,0.2,2.5,2.1,24.8,lavinza01
20,Ben Simmons,35448672,PG,26,BRK,42,33,26.3,3.2,5.6,0.566,0.0,0.0,0.0,3.2,5.5,0.571,0.566,0.6,1.4,0.439,1.0,5.3,6.3,6.1,1.3,0.6,2.3,3.3,6.9,simmobe01
21,Pascal Siakam,35448672,PF,28,TOR,71,71,37.4,8.9,18.5,0.48,1.3,4.0,0.324,7.6,14.5,0.523,0.515,5.2,6.7,0.774,1.8,6.0,7.8,5.8,0.9,0.5,2.4,3.2,24.2,siakapa01
22,Myles Turner,35096500,C,26,IND,62,62,29.4,6.5,11.8,0.548,1.5,4.0,0.373,5.0,7.8,0.638,0.612,3.5,4.5,0.783,1.4,6.1,7.5,1.4,0.6,2.3,1.7,3.5,18.0,turnemy01
23,Jrue Holiday,34319520,PG,32,MIL,67,65,32.6,7.3,15.3,0.479,2.4,6.1,0.384,5.0,9.1,0.542,0.556,2.3,2.6,0.859,1.2,3.9,5.1,7.4,1.2,0.4,2.9,1.7,19.3,holidjr01
24,Karl-Anthony Towns,33833400,PF,27,MIN,29,29,33.0,7.3,14.8,0.495,2.1,5.7,0.366,5.2,9.1,0.576,0.565,4.1,4.7,0.874,1.7,6.5,8.1,4.8,0.7,0.6,3.0,3.8,20.8,townska01
25,Devin Booker,33833400,SG,26,PHO,53,53,34.6,9.9,20.1,0.494,2.1,6.0,0.351,7.8,14.2,0.554,0.546,5.8,6.8,0.855,0.9,3.7,4.5,5.5,1.0,0.3,2.7,3.0,27.8,bookede01
26,Andrew Wiggins,33616770,SF,27,GSW,37,37,32.2,6.8,14.3,0.473,2.4,6.1,0.396,4.4,8.2,0.53,0.557,1.2,1.9,0.611,1.6,3.4,5.0,2.3,1.2,0.8,1.3,2.9,17.1,wiggian01
27,Joel Embiid,33616770,C,28,PHI,66,66,34.6,11.0,20.1,0.548,1.0,3.0,0.33,10.0,17.1,0.587,0.573,10.0,11.7,0.857,1.7,8.4,10.2,4.2,1.0,1.7,3.4,3.1,33.1,embiijo01
28,CJ McCollum,33333333,SG,31,NOP,75,75,35.3,7.8,17.9,0.437,2.8,7.2,0.389,5.0,10.7,0.469,0.515,2.4,3.2,0.769,0.7,3.6,4.4,5.7,0.9,0.5,2.4,2.0,20.9,mccolcj01
29,James Harden,33000000,PG,33,PHI,58,58,36.8,6.4,14.5,0.441,2.8,7.2,0.385,3.6,7.3,0.495,0.536,5.4,6.2,0.867,0.7,5.4,6.1,10.7,1.2,0.5,3.4,1.9,21.0,hardeja01
30,Jamal Murray,31650600,PG,25,DEN,65,65,32.8,7.3,16.0,0.454,2.6,6.6,0.398,4.6,9.4,0.494,0.537,2.8,3.3,0.833,0.7,3.2,4.0,6.2,1.0,0.2,2.2,1.6,20.0,murraja01
31,Brandon Ingram,31650600,SF,25,NOP,45,45,34.2,9.0,18.6,0.484,1.4,3.6,0.39,7.6,14.9,0.507,0.522,5.3,6.0,0.882,0.5,5.0,5.5,5.8,0.7,0.4,3.3,2.6,24.7,ingrabr01
32,D'Angelo Russell,31377750,PG,26,LAL/MIN,71,71,32.5,6.3,13.4,0.469,2.7,6.9,0.396,3.5,6.5,0.548,0.572,2.5,3.0,0.829,0.5,2.5,3.0,6.2,1.0,0.4,2.6,2.0,17.8,russeda01
33,Donovan Mitchell,30913750,SG,26,CLE,68,68,35.8,10.0,20.6,0.484,3.6,9.3,0.386,6.4,11.3,0.566,0.572,4.7,5.4,0.867,0.9,3.3,4.3,4.4,1.5,0.4,2.6,2.5,28.3,mitchdo01
34,Shai Gilgeous-Alexander,30913750,PG,24,OKC,68,68,35.5,10.4,20.3,0.51,0.9,2.5,0.345,9.5,17.8,0.533,0.531,9.8,10.9,0.905,0.9,4.0,4.8,5.5,1.6,1.0,2.8,2.8,31.4,gilgesh01
35,Deandre Ayton,30913750,C,24,PHO,67,67,30.4,7.8,13.2,0.589,0.1,0.4,0.292,7.7,12.9,0.597,0.592,2.3,3.0,0.76,2.6,7.4,10.0,1.7,0.6,0.8,1.8,2.8,18.0,aytonde01
36,Kevin Love,30556968,PF,34,CLE/MIA,62,20,20.0,2.7,6.8,0.389,1.6,4.8,0.334,1.1,2.1,0.516,0.506,1.3,1.5,0.879,1.0,5.5,6.4,1.9,0.3,0.2,1.1,1.6,8.2,loveke01
37,Jayson Tatum,30351780,SF,24,BOS,74,74,36.9,9.8,21.1,0.466,3.2,9.3,0.35,6.6,11.8,0.558,0.543,7.2,8.4,0.854,1.1,7.7,8.8,4.6,1.1,0.7,2.9,2.2,30.1,tatumja01
38,Bam Adebayo,30351780,C,25,MIA,75,75,34.6,8.0,14.9,0.54,0.0,0.2,0.083,8.0,14.7,0.545,0.541,4.3,5.4,0.806,2.5,6.7,9.2,3.2,1.2,0.8,2.5,2.8,20.4,adebaba01
39,De'Aaron Fox,30351780,PG,25,SAC,73,73,33.4,9.3,18.2,0.512,1.6,5.0,0.324,7.7,13.2,0.584,0.557,4.7,6.0,0.78,0.5,3.6,4.2,6.1,1.1,0.3,2.5,2.4,25.0,foxde01
40,Gordon Hayward,30075000,SF,32,CHO,50,50,31.5,5.5,11.6,0.475,1.0,3.2,0.325,4.5,8.4,0.532,0.52,2.6,3.2,0.811,0.7,3.6,4.3,4.1,0.8,0.2,2.0,1.4,14.7,haywago01
41,Jaylen Brown,29776785,SF,26,BOS,67,67,35.9,10.1,20.6,0.491,2.4,7.3,0.335,7.7,13.4,0.576,0.55,3.9,5.1,0.765,1.2,5.7,6.9,3.5,1.1,0.4,2.9,2.6,26.6,brownja02
42,Chris Paul,28400000,PG,37,PHO,59,59,32.0,5.0,11.3,0.44,1.7,4.4,0.375,3.3,6.9,0.482,0.513,2.3,2.7,0.831,0.5,3.8,4.3,8.9,1.5,0.4,1.9,2.1,13.9,paulch01
43,Kyle Lowry,28333334,PG,36,MIA,55,44,31.2,3.6,8.8,0.404,1.9,5.6,0.345,1.6,3.2,0.509,0.514,2.1,2.5,0.859,0.8,3.3,4.1,5.1,1.0,0.4,1.9,2.6,11.2,lowryky01
44,Jalen Brunson,27733332,PG,26,NYK,68,68,35.0,8.6,17.6,0.491,2.0,4.7,0.416,6.7,12.8,0.519,0.547,4.8,5.8,0.829,0.6,3.0,3.5,6.2,0.9,0.2,2.1,2.2,24.0,brunsja01
45,DeMar DeRozan,27300000,SF,33,CHI,74,74,36.2,8.9,17.6,0.504,0.6,1.9,0.324,8.3,15.7,0.526,0.522,6.2,7.1,0.872,0.5,4.2,4.6,5.1,1.1,0.5,2.1,2.5,24.5,derozde01
46,Al Horford,26500000,C,36,BOS,63,63,30.5,3.6,7.6,0.476,2.3,5.2,0.446,1.3,2.4,0.539,0.627,0.2,0.3,0.714,1.2,5.0,6.2,3.0,0.5,1.0,0.6,1.9,9.8,horfoal01
47,Draymond Green,25806468,PF,32,GSW,73,73,31.5,3.4,6.5,0.527,0.5,1.8,0.305,2.9,4.7,0.612,0.57,1.1,1.5,0.713,0.9,6.3,7.2,6.8,1.0,0.8,2.8,3.1,8.5,greendr01
48,Julius Randle,23760000,PF,28,NYK,77,77,35.5,8.5,18.6,0.459,2.8,8.3,0.343,5.7,10.3,0.553,0.536,5.2,6.9,0.757,1.8,8.1,10.0,4.1,0.6,0.3,2.8,3.0,25.1,randlju01
49,John Collins,23500000,PF,25,ATL,71,71,30.0,5.1,10.0,0.508,1.0,3.4,0.292,4.1,6.6,0.619,0.557,2.0,2.5,0.803,1.1,5.4,6.5,1.2,0.6,1.0,1.1,3.1,13.1,collijo01
50,Mike Conley,22680000,PG,35,MIN/UTA,67,66,30.3,3.9,9.1,0.428,2.0,5.2,0.385,1.9,3.9,0.486,0.539,2.1,2.5,0.834,0.5,2.2,2.7,6.7,1.1,0.2,1.5,2.1,11.9,conlemi01
51,Malcolm Brogdon,22600000,PG,30,BOS,67,0,26.0,5.3,10.9,0.484,2.0,4.4,0.444,3.3,6.5,0.51,0.574,2.4,2.7,0.87,0.6,3.6,4.2,3.7,0.7,0.3,1.5,1.6,14.9,brogdma01
52,Anfernee Simons,22321429,SG,23,POR,62,62,35.0,7.5,16.9,0.447,3.4,9.1,0.377,4.1,7.8,0.528,0.548,2.6,2.9,0.894,0.3,2.3,2.6,4.1,0.7,0.2,2.1,2.3,21.1,simonan01
53,Terry Rozier,21486316,SG,28,CHO,63,63,35.3,7.8,18.9,0.415,2.6,8.0,0.327,5.2,10.8,0.48,0.484,2.8,3.5,0.809,0.8,3.3,4.1,5.1,1.2,0.3,2.1,1.9,21.1,roziete01
54,Fred VanVleet,21250000,PG,28,TOR,69,69,36.7,6.3,16.1,0.393,3.0,8.8,0.342,3.3,7.3,0.455,0.486,3.7,4.1,0.898,0.4,3.6,4.1,7.2,1.8,0.6,2.0,2.8,19.3,vanvlfr01
55,Buddy Hield,21177750,SF,30,IND,80,73,31.0,5.9,13.0,0.458,3.6,8.5,0.425,2.3,4.5,0.518,0.596,1.3,1.6,0.822,0.8,4.2,5.0,2.8,1.2,0.3,1.7,2.0,16.8,hieldbu01
56,Domantas Sabonis,21100000,C,26,SAC,79,79,34.6,7.3,11.9,0.615,0.4,1.1,0.373,6.9,10.8,0.639,0.632,4.1,5.5,0.742,3.2,9.1,12.3,7.3,0.8,0.5,2.9,3.5,19.1,sabondo01
57,Jerami Grant,20955000,PF,28,POR,63,63,35.7,6.9,14.5,0.475,2.3,5.7,0.401,4.6,8.8,0.523,0.554,4.4,5.4,0.813,0.8,3.7,4.5,2.4,0.8,0.8,1.8,2.4,20.5,grantje01
58,Aaron Gordon,20690909,PF,27,DEN,68,68,30.2,6.3,11.2,0.564,0.9,2.5,0.347,5.4,8.6,0.628,0.603,2.8,4.6,0.608,2.4,4.1,6.6,3.0,0.8,0.8,1.4,1.9,16.3,gordoaa01
59,Mikal Bridges,20100000,SF-SG,26,BRK/PHO,83,83,35.7,7.1,15.3,0.468,2.0,5.3,0.382,5.1,9.9,0.514,0.535,3.8,4.3,0.895,1.0,3.4,4.4,3.3,1.1,0.7,1.5,1.9,20.1,bridgmi01
60,Jarrett Allen,20000000,C,24,CLE,68,68,32.6,5.9,9.2,0.644,0.0,0.1,0.1,5.9,9.1,0.653,0.645,2.4,3.3,0.733,3.3,6.5,9.8,1.7,0.8,1.2,1.4,2.3,14.3,allenja01
61,Nicolas Batum,19700319,PF,34,LAC,78,19,21.9,2.1,4.9,0.42,1.6,4.1,0.391,0.5,0.8,0.563,0.583,0.4,0.6,0.708,0.8,3.0,3.8,1.6,0.7,0.6,0.6,1.9,6.1,batumni01
62,Eric Gordon,19568360,SG,34,HOU/LAC,69,58,28.5,4.2,9.5,0.446,1.9,5.2,0.371,2.3,4.3,0.535,0.547,2.1,2.5,0.821,0.2,1.7,1.9,2.7,0.6,0.4,1.5,1.1,12.4,gordoer01
63,Spencer Dinwiddie,19500000,SG-PG,29,BRK/DAL,79,79,34.5,5.8,13.3,0.438,2.3,6.2,0.369,3.5,7.1,0.498,0.524,3.4,4.2,0.812,0.4,3.1,3.4,6.5,0.8,0.3,1.8,2.4,17.3,dinwisp01
64,Caris LeVert,18796296,SG,28,CLE,74,30,30.2,4.3,10.0,0.431,1.7,4.4,0.392,2.6,5.6,0.462,0.517,1.8,2.4,0.722,0.7,3.1,3.8,3.9,1.0,0.3,1.6,2.3,12.1,leverca01
65,Joe Harris,18642857,SF,31,BRK,74,33,20.6,2.7,5.9,0.457,1.9,4.5,0.426,0.8,1.4,0.551,0.618,0.2,0.4,0.643,0.3,1.9,2.2,1.4,0.5,0.2,0.6,1.9,7.6,harrijo01
66,Harrison Barnes,18352273,PF,30,SAC,82,82,32.5,4.6,9.6,0.473,1.6,4.3,0.374,3.0,5.3,0.553,0.556,4.3,5.0,0.847,1.1,3.4,4.5,1.6,0.7,0.1,1.0,1.3,15.0,barneha02
67,Clint Capela,18206896,C,28,ATL,65,63,26.6,5.4,8.2,0.653,0.0,0.0,0.0,5.4,8.2,0.654,0.653,1.2,2.0,0.603,4.0,7.1,11.0,0.9,0.7,1.2,0.8,2.1,12.0,capelca01
68,Evan Fournier,18000000,SG,30,NYK,27,7,17.0,2.1,6.1,0.337,1.3,4.2,0.307,0.8,1.9,0.404,0.443,0.7,0.8,0.857,0.1,1.7,1.8,1.3,0.6,0.1,0.8,1.7,6.1,fournev01
69,Steven Adams,17926829,C,29,MEM,42,42,27.0,3.7,6.3,0.597,0.0,0.0,0.0,3.7,6.2,0.599,0.597,1.1,3.1,0.364,5.1,6.5,11.5,2.3,0.9,1.1,1.9,2.3,8.6,adamsst01
70,Jonathan Isaac,17400000,PF,25,ORL,11,0,11.3,2.0,4.8,0.415,0.5,1.4,0.4,1.5,3.5,0.421,0.472,0.5,0.8,0.556,1.4,2.6,4.0,0.5,1.3,0.4,0.4,0.5,5.0,isaacjo01
71,OG Anunoby,17357143,SF,25,TOR,67,67,35.6,6.3,13.2,0.476,2.1,5.5,0.387,4.2,7.7,0.539,0.556,2.1,2.5,0.838,1.4,3.5,5.0,2.0,1.9,0.7,2.0,3.0,16.8,anunoog01
72,Marcus Smart,17207142,PG,28,BOS,61,61,32.1,4.1,9.9,0.415,1.9,5.6,0.336,2.2,4.3,0.519,0.511,1.4,1.9,0.746,0.8,2.4,3.1,6.3,1.5,0.4,2.3,2.8,11.5,smartma01
73,Derrick White,17142857,SG,28,BOS,82,70,28.3,4.3,9.2,0.462,1.8,4.8,0.381,2.5,4.5,0.548,0.56,2.0,2.3,0.875,0.6,2.9,3.6,3.9,0.7,0.9,1.2,2.2,12.4,whitede01
74,Dejounte Murray,17071120,SG,26,ATL,74,74,36.4,8.3,17.8,0.464,1.8,5.2,0.344,6.5,12.6,0.514,0.514,2.1,2.6,0.832,0.7,4.5,5.3,6.1,1.5,0.3,2.2,1.4,20.5,murrade01
75,Mitchell Robinson,17045454,C,24,NYK,59,58,27.0,3.2,4.7,0.671,0.0,0.0,,3.2,4.7,0.671,0.671,1.0,2.1,0.484,4.5,4.9,9.4,0.9,0.9,1.8,0.7,2.7,7.4,robinmi01
76,Duncan Robinson,16902000,SF,28,MIA,42,1,16.5,2.1,5.6,0.371,1.5,4.6,0.328,0.6,1.1,0.556,0.504,0.7,0.8,0.906,0.2,1.5,1.6,1.1,0.3,0.0,0.7,1.8,6.4,robindu01
77,Norman Powell,16758621,SG,29,LAC,60,8,26.1,5.7,11.8,0.479,1.9,4.8,0.397,3.8,7.1,0.534,0.559,3.8,4.6,0.812,0.4,2.5,2.9,1.8,0.8,0.3,1.7,2.1,17.0,powelno01
78,Collin Sexton,16700000,PG,24,UTA,48,15,23.9,4.9,9.8,0.506,1.0,2.5,0.393,3.9,7.2,0.546,0.558,3.4,4.1,0.819,0.8,1.4,2.2,2.9,0.6,0.1,1.8,2.3,14.3,sextoco01
79,Markelle Fultz,16500000,PG,24,ORL,60,60,29.6,5.8,11.3,0.514,0.5,1.5,0.31,5.4,9.9,0.544,0.534,1.9,2.4,0.783,1.2,2.8,3.9,5.7,1.5,0.4,2.3,2.2,14.0,fultzma01
80,Lauri Markkanen,16475454,PF,25,UTA,66,66,34.4,8.7,17.3,0.499,3.0,7.7,0.391,5.6,9.6,0.585,0.586,5.3,6.0,0.875,2.0,6.7,8.6,1.9,0.6,0.6,1.9,2.1,25.6,markkla01
81,Marcus Morris,16372093,PF,33,LAC,65,65,28.1,4.2,9.9,0.426,1.7,4.7,0.364,2.5,5.2,0.484,0.513,1.0,1.3,0.782,0.4,3.5,4.0,1.8,0.6,0.3,0.9,2.1,11.2,morrima03
82,Malik Beasley,15558035,SG,26,LAL/UTA,81,27,25.8,4.6,11.6,0.395,2.9,8.1,0.357,1.7,3.4,0.484,0.52,0.6,0.8,0.769,0.4,3.1,3.5,1.5,0.8,0.1,1.1,1.3,12.7,beaslma01
83,Luguentz Dort,15277778,SF,23,OKC,74,73,30.7,4.6,11.8,0.388,1.8,5.5,0.33,2.8,6.3,0.44,0.466,2.7,3.5,0.772,1.7,2.9,4.6,2.1,1.0,0.3,1.2,3.3,13.7,dortlu01
84,Will Barton,15059712,SG,32,WAS/TOR,56,2,17.7,2.5,6.5,0.379,1.2,3.2,0.367,1.3,3.3,0.391,0.47,0.7,0.8,0.787,0.3,2.2,2.4,2.0,0.5,0.2,0.9,1.0,6.8,bartowi01
85,Tyus Jones,15000000,PG,26,MEM,80,22,24.3,3.9,8.9,0.438,1.5,4.1,0.371,2.4,4.8,0.495,0.523,1.0,1.3,0.8,0.4,2.2,2.5,5.2,1.0,0.1,0.9,0.4,10.3,jonesty01
86,Derrick Rose,14520730,PG,34,NYK,27,0,12.5,2.3,5.9,0.384,0.7,2.3,0.302,1.6,3.6,0.438,0.443,0.4,0.4,0.917,0.3,1.2,1.5,1.7,0.3,0.2,0.8,0.7,5.6,rosede01
87,Kevin Huerter,14508929,SG,24,SAC,75,75,29.4,5.6,11.5,0.485,2.7,6.8,0.402,2.9,4.7,0.604,0.603,1.3,1.7,0.725,0.6,2.8,3.3,2.9,1.1,0.3,1.3,2.4,15.2,huertke01
88,Christian Wood,14317459,C,27,DAL,67,17,25.9,5.9,11.5,0.515,1.6,4.2,0.376,4.3,7.3,0.594,0.583,3.2,4.2,0.772,1.3,6.0,7.3,1.8,0.4,1.1,1.8,2.5,16.6,woodch01
89,Kentavious Caldwell-Pope,14004703,SG,29,DEN,76,76,31.3,3.8,8.3,0.462,1.8,4.2,0.423,2.1,4.1,0.502,0.569,1.4,1.6,0.824,0.5,2.3,2.7,2.4,1.5,0.5,1.1,1.9,10.8,caldwke01
90,Brook Lopez,13906976,C,34,MIL,78,78,30.4,6.1,11.5,0.531,1.7,4.7,0.374,4.4,6.9,0.637,0.606,1.9,2.4,0.784,2.0,4.7,6.7,1.3,0.5,2.5,1.4,2.6,15.9,lopezbr01
91,Patrick Beverley,13801614,SG-PG,34,LAL/CHI,67,67,27.1,2.1,5.4,0.4,1.2,3.6,0.335,1.0,1.8,0.529,0.511,0.7,1.0,0.723,0.7,3.0,3.7,2.9,0.9,0.6,0.9,2.8,6.2,beverpa01
92,Doug McDermott,13750000,SF,31,SAS,64,0,20.5,3.7,8.2,0.457,1.9,4.7,0.413,1.8,3.5,0.516,0.575,0.8,1.1,0.757,0.4,1.8,2.2,1.4,0.2,0.1,0.9,1.8,10.2,mcderdo01
93,Luke Kennard,13745455,SG,26,LAC/MEM,59,14,22.3,3.2,6.5,0.492,2.3,4.6,0.494,0.9,1.9,0.487,0.666,0.6,0.7,0.949,0.3,2.4,2.7,1.5,0.5,0.1,0.8,1.4,9.3,kennalu01
94,Zion Williamson,13534817,PF,22,NOP,29,29,33.0,9.8,16.2,0.608,0.2,0.7,0.368,9.6,15.5,0.618,0.615,6.1,8.6,0.714,2.0,5.0,7.0,4.6,1.1,0.6,3.4,2.2,26.0,willizi01
95,Jordan Clarkson,13340000,SG,30,UTA,61,61,32.6,7.5,16.9,0.444,2.5,7.5,0.338,5.0,9.4,0.53,0.519,3.3,4.0,0.816,1.2,2.9,4.0,4.4,0.5,0.2,3.0,2.0,20.8,clarkjo01
96,Gary Harris,13000000,SG,28,ORL,48,42,24.7,2.9,6.4,0.45,2.0,4.5,0.431,0.9,1.9,0.494,0.603,0.6,0.6,0.9,0.4,1.6,2.0,1.2,0.9,0.3,0.6,1.9,8.3,harriga01
97,Kyle Kuzma,13000000,PF,27,WAS,64,64,35.0,8.0,17.8,0.448,2.5,7.5,0.333,5.5,10.3,0.533,0.518,2.7,3.7,0.73,0.9,6.4,7.2,3.7,0.6,0.5,3.0,2.3,21.2,kuzmaky01
98,Josh Hart,12960000,SF,27,NYK/POR,76,52,32.3,3.6,6.8,0.529,0.8,2.2,0.372,2.8,4.7,0.601,0.588,1.7,2.3,0.75,1.9,5.9,7.8,3.8,1.2,0.3,1.5,2.6,9.8,hartjo01
99,Dorian Finney-Smith,12939848,PF,29,BRK/DAL,66,66,30.4,3.0,7.6,0.391,1.7,5.1,0.337,1.2,2.5,0.503,0.505,0.7,0.9,0.763,1.7,3.1,4.8,1.5,0.8,0.5,0.9,2.2,8.3,finnedo01
100,Kelly Olynyk,12804878,C,31,UTA,68,68,28.6,4.1,8.2,0.499,1.4,3.5,0.394,2.7,4.7,0.576,0.583,2.9,3.4,0.853,1.2,5.0,6.2,3.7,0.9,0.5,2.5,3.4,12.5,olynyke01
101,Chris Boucher,12690000,PF,30,TOR,76,0,20.0,3.4,7.0,0.493,0.8,2.5,0.328,2.6,4.5,0.585,0.552,1.7,2.2,0.762,2.1,3.5,5.5,0.4,0.6,0.8,0.5,1.9,9.4,bouchch01
102,Robert Covington,12307692,PF,32,LAC,48,0,16.2,2.1,4.8,0.445,1.1,2.8,0.397,1.0,1.9,0.516,0.563,0.6,0.8,0.75,0.6,2.8,3.5,1.2,0.8,0.7,0.7,1.8,6.0,covinro01
103,Josh Richardson,12196094,SG,29,NOP/SAS,65,10,23.5,3.7,8.5,0.431,1.6,4.5,0.365,2.0,4.0,0.506,0.528,1.1,1.2,0.852,0.6,2.1,2.7,2.7,1.1,0.3,1.3,1.8,10.1,richajo01
104,Ja Morant,12119440,PG,23,MEM,61,59,31.9,9.3,19.9,0.466,1.5,4.9,0.307,7.8,15.0,0.519,0.504,6.1,8.1,0.748,1.0,4.9,5.9,8.1,1.1,0.3,3.4,1.6,26.2,moranja01
105,Danny Green,11710528,SG,35,CLE/MEM,11,0,12.5,2.0,4.5,0.449,1.5,3.4,0.432,0.5,1.1,0.5,0.612,0.1,0.1,1.0,0.3,1.0,1.3,0.5,0.5,0.3,0.9,1.5,5.5,greenda02
106,Terrence Ross,11500000,SG,31,ORL/PHO,63,9,21.1,3.2,7.4,0.43,1.5,4.1,0.368,1.7,3.3,0.507,0.532,0.4,0.5,0.794,0.3,2.1,2.4,1.5,0.6,0.2,0.7,1.5,8.3,rosste01
107,Reggie Jackson,11457217,PG,32,DEN/LAC,68,40,24.4,3.9,9.4,0.411,1.4,4.2,0.333,2.5,5.2,0.474,0.486,1.0,1.1,0.91,0.4,1.8,2.1,3.4,0.7,0.1,1.7,1.7,10.2,jacksre01
108,Dillon Brooks,11400000,SF,27,MEM,73,73,30.3,5.4,13.6,0.396,2.0,6.0,0.326,3.4,7.6,0.451,0.468,1.6,2.1,0.779,0.6,2.7,3.3,2.6,0.9,0.2,1.4,3.3,14.3,brookdi01
109,Richaun Holmes,11215260,C,29,SAC,42,1,8.3,1.3,2.1,0.618,0.1,0.2,0.625,1.2,1.9,0.617,0.646,0.4,0.5,0.789,0.7,1.2,1.9,0.2,0.1,0.3,0.3,1.2,3.1,holmeri01
110,Dwight Powell,11080125,C,31,DAL,76,64,19.2,2.6,3.5,0.732,0.0,0.1,0.0,2.6,3.5,0.746,0.732,1.5,2.2,0.667,2.0,2.2,4.1,0.9,0.6,0.3,0.9,2.8,6.7,poweldw01
111,Paolo Banchero,11055120,PF,20,ORL,72,72,33.8,6.7,15.6,0.427,1.2,4.0,0.298,5.5,11.6,0.471,0.465,5.5,7.4,0.738,1.2,5.7,6.9,3.7,0.8,0.5,2.8,2.2,20.0,banchpa01
112,RJ Barrett,10900634,SG,22,NYK,73,73,33.9,7.0,16.1,0.434,1.7,5.3,0.31,5.3,10.8,0.495,0.485,4.0,5.4,0.74,0.8,4.2,5.0,2.8,0.4,0.2,2.2,2.5,19.6,barrerj01
113,Bobby Portis,10843350,PF,27,MIL,70,22,26.0,5.7,11.5,0.496,1.4,3.7,0.37,4.3,7.8,0.555,0.555,1.4,1.8,0.768,2.2,7.4,9.6,1.5,0.4,0.2,1.2,1.6,14.1,portibo01
114,DeAndre Jordan,10733758,C,34,DEN,39,8,15.0,2.3,2.9,0.765,0.0,0.0,1.0,2.2,2.9,0.763,0.77,0.6,1.2,0.458,1.3,3.8,5.2,0.9,0.3,0.6,1.2,1.8,5.1,jordade01
115,Anthony Edwards,10733400,SG,21,MIN,79,79,36.0,8.9,19.5,0.459,2.7,7.3,0.369,6.3,12.2,0.513,0.528,4.0,5.3,0.756,0.6,5.2,5.8,4.4,1.6,0.7,3.3,2.4,24.6,edwaran01
116,Robert Williams,10714287,C,25,BOS,35,20,23.5,3.6,4.9,0.747,0.0,0.0,0.0,3.6,4.8,0.751,0.747,0.7,1.2,0.61,3.0,5.4,8.3,1.4,0.6,1.4,1.0,1.9,8.0,williro04
117,Cade Cunningham,10552800,PG,21,DET,12,12,33.3,7.8,18.7,0.415,1.4,5.1,0.279,6.3,13.6,0.466,0.453,3.0,3.6,0.837,1.0,5.2,6.2,6.0,0.8,0.6,3.3,2.8,19.9,cunnica01
118,Mo Bamba,10300000,C,24,LAL/ORL,49,7,15.7,2.4,4.9,0.485,1.0,2.5,0.387,1.4,2.4,0.59,0.585,0.8,1.3,0.661,1.2,3.4,4.6,0.9,0.3,0.9,0.6,2.1,6.6,bambamo01
119,Talen Horton-Tucker,10260000,SG,22,UTA,65,20,20.2,4.0,9.4,0.419,0.9,3.1,0.286,3.1,6.3,0.485,0.467,1.9,2.6,0.75,0.6,2.6,3.2,3.8,0.6,0.4,1.9,1.7,10.7,hortota01
120,Jae Crowder,10183800,PF,32,MIL,18,3,18.9,2.5,5.2,0.479,1.3,3.1,0.436,1.2,2.2,0.538,0.606,0.6,0.7,0.833,0.9,2.9,3.8,1.5,0.7,0.3,0.4,1.5,6.9,crowdja01
121,Ivica Zubac,10123457,C,25,LAC,76,76,28.6,4.3,6.8,0.634,0.0,0.0,0.0,4.3,6.7,0.637,0.634,2.2,3.1,0.697,3.1,6.8,9.9,1.0,0.4,1.3,1.5,2.9,10.8,zubaciv01
122,Reggie Bullock,10012800,SF,31,DAL,78,55,30.3,2.5,6.0,0.409,1.9,5.1,0.38,0.5,0.9,0.562,0.569,0.3,0.5,0.703,0.4,3.2,3.6,1.4,0.7,0.2,0.5,2.1,7.2,bullore01
123,Alec Burks,10012800,SG,31,DET,51,8,22.0,3.9,9.0,0.436,1.9,4.7,0.414,2.0,4.3,0.459,0.544,3.0,3.7,0.814,0.4,2.7,3.1,2.2,0.7,0.2,1.1,1.9,12.8,burksal01
124,De'Andre Hunter,9835881,SF,25,ATL,67,67,31.7,5.7,12.3,0.461,1.5,4.3,0.35,4.2,8.0,0.521,0.522,2.6,3.1,0.826,0.7,3.6,4.2,1.4,0.5,0.3,1.2,3.0,15.4,huntede01
125,James Wiseman,9603360,C,21,GSW/DET,45,22,19.3,4.2,7.5,0.558,0.1,0.4,0.2,4.1,7.1,0.58,0.563,1.5,2.2,0.701,1.6,4.3,5.9,0.7,0.2,0.6,1.1,2.4,10.0,wisemja01
126,Landry Shamet,9500000,SG,25,PHO,40,9,20.2,2.8,7.5,0.377,1.9,5.0,0.377,1.0,2.5,0.376,0.502,1.1,1.3,0.882,0.3,1.4,1.7,2.3,0.7,0.1,0.9,1.5,8.7,shamela01
127,Malik Monk,9472219,SG,24,SAC,77,0,22.3,4.6,10.3,0.448,1.9,5.2,0.359,2.8,5.2,0.538,0.538,2.4,2.7,0.889,0.4,2.2,2.6,3.9,0.6,0.3,1.9,1.6,13.5,monkma01
128,Jalen Green,9441840,SG,20,HOU,76,76,34.2,7.4,17.9,0.416,2.5,7.3,0.338,5.0,10.6,0.471,0.485,4.8,6.1,0.786,0.6,3.2,3.7,3.7,0.8,0.2,2.6,1.7,22.1,greenja05
129,Jakob Poeltl,9398148,C,27,SAS/TOR,72,71,26.5,5.4,8.6,0.629,0.0,0.0,0.0,5.4,8.6,0.63,0.629,1.7,2.8,0.592,3.3,5.8,9.1,2.7,0.9,1.2,1.7,2.7,12.5,poeltja01
130,Nerlens Noel,9391069,C,28,BRK/DET,17,4,11.5,0.8,2.1,0.361,0.1,0.1,0.5,0.7,2.0,0.353,0.375,0.5,0.7,0.667,0.6,2.1,2.7,0.6,0.9,0.6,0.8,1.9,2.1,noelne01
131,Royce O'Neale,9200000,SF,29,BRK,76,53,31.7,3.0,7.8,0.386,2.1,5.5,0.389,0.9,2.3,0.379,0.524,0.7,0.9,0.725,0.7,4.3,5.1,3.7,0.9,0.6,1.5,3.1,8.8,onealro01
132,Monte Morris,9125000,PG,27,WAS,62,61,27.3,4.0,8.3,0.48,1.3,3.3,0.382,2.7,5.0,0.543,0.555,1.0,1.2,0.831,0.4,3.0,3.4,5.3,0.7,0.2,1.0,1.2,10.3,morrimo01
133,Mason Plumlee,9080417,C,32,LAC/CHO,79,60,26.0,4.2,6.1,0.68,0.0,0.0,,4.2,6.1,0.68,0.68,2.5,4.0,0.636,2.9,6.0,8.9,3.1,0.6,0.6,1.5,2.7,10.8,plumlma01
134,Alex Caruso,9030000,PG,28,CHI,67,36,23.5,1.9,4.3,0.455,0.8,2.3,0.364,1.1,2.0,0.556,0.551,0.9,1.1,0.808,0.6,2.3,2.9,2.9,1.5,0.7,1.1,2.4,5.6,carusal01
135,Maxi Kleber,9000000,PF,31,DAL,37,5,25.1,2.1,4.6,0.456,1.1,3.0,0.348,1.0,1.5,0.667,0.571,0.7,1.0,0.711,0.8,2.8,3.6,1.4,0.3,0.8,0.7,2.3,5.9,klebima01
136,Grayson Allen,8925000,SG,27,MIL,72,70,27.4,3.4,7.7,0.44,2.0,5.1,0.399,1.4,2.7,0.518,0.571,1.6,1.8,0.905,0.8,2.4,3.3,2.3,0.9,0.2,1.0,1.6,10.4,allengr01
137,Darius Garland,8920794,PG,23,CLE,69,69,35.5,7.6,16.4,0.462,2.4,6.0,0.41,5.1,10.4,0.492,0.537,4.0,4.7,0.863,0.4,2.3,2.7,7.8,1.2,0.1,2.9,2.1,21.6,garlada01
138,Isaiah Hartenstein,8854879,C,24,NYK,82,8,19.8,2.1,4.0,0.535,0.1,0.5,0.216,2.0,3.5,0.576,0.547,0.6,0.9,0.676,2.5,4.0,6.5,1.2,0.6,0.8,0.8,2.6,5.0,harteis01
139,Kyle Anderson,8780488,PF,29,MIN,69,46,28.4,3.7,7.2,0.509,0.6,1.5,0.41,3.0,5.7,0.536,0.553,1.4,2.0,0.735,1.0,4.4,5.3,4.9,1.1,0.9,1.5,2.1,9.4,anderky01
140,Victor Oladipo,8750000,SG,30,MIA,42,2,26.3,3.8,9.6,0.397,1.7,5.0,0.33,2.1,4.5,0.471,0.484,1.4,1.9,0.747,0.4,2.7,3.0,3.5,1.4,0.3,2.1,2.4,10.7,oladivi01
141,Daniel Theis,8694369,C,30,IND,7,1,15.6,3.0,6.3,0.477,0.3,1.6,0.182,2.7,4.7,0.576,0.5,0.7,1.7,0.417,1.0,2.1,3.1,1.3,0.3,0.9,0.4,1.0,7.0,theisda01
142,LaMelo Ball,8623920,PG,21,CHO,36,36,35.2,8.2,20.0,0.411,4.0,10.6,0.376,4.2,9.4,0.45,0.51,2.8,3.4,0.836,1.2,5.3,6.4,8.4,1.3,0.3,3.6,3.3,23.3,ballla01
143,Seth Curry,8496653,SG,32,BRK,61,7,19.9,3.4,7.4,0.463,1.5,3.8,0.405,1.9,3.6,0.525,0.568,0.8,0.9,0.927,0.2,1.4,1.6,1.6,0.6,0.1,0.8,1.6,9.2,curryse01
144,Evan Mobley,8478720,PF,21,CLE,79,79,34.4,6.6,12.0,0.554,0.3,1.3,0.216,6.4,10.7,0.595,0.566,2.6,3.8,0.674,2.4,6.6,9.0,2.8,0.8,1.5,1.8,2.8,16.2,mobleev01
145,Gary Payton II,8300000,SG,30,GSW/POR,22,1,16.7,1.9,3.1,0.594,0.6,1.2,0.5,1.3,2.0,0.651,0.688,0.3,0.3,0.857,1.1,2.0,3.1,1.4,1.0,0.2,0.7,2.0,4.6,paytoga02
146,Dewayne Dedmon,8283688,C,33,PHI/MIA,38,1,11.2,2.0,4.0,0.51,0.3,1.0,0.308,1.7,2.9,0.58,0.55,0.9,1.3,0.673,0.9,2.6,3.5,0.7,0.2,0.5,0.7,2.0,5.2,dedmode01
147,De'Anthony Melton,8250000,SG,24,PHI,77,58,27.9,3.6,8.5,0.425,2.0,5.2,0.39,1.6,3.2,0.484,0.546,0.9,1.1,0.793,0.9,3.2,4.1,2.6,1.6,0.5,1.3,2.5,10.1,meltode01
148,JaMychal Green,8200000,PF,32,GSW,57,1,14.0,2.4,4.4,0.54,0.7,1.9,0.378,1.6,2.5,0.667,0.623,0.9,1.2,0.776,1.3,2.3,3.6,0.9,0.4,0.4,0.9,1.8,6.4,greenja01
149,Keegan Murray,8008440,SF,22,SAC,80,78,29.8,4.4,9.8,0.453,2.6,6.3,0.411,1.9,3.5,0.527,0.584,0.8,1.0,0.765,1.1,3.5,4.6,1.2,0.8,0.5,0.8,2.0,12.2,murrake02
150,Kevon Looney,8000000,C,26,GSW,82,70,23.9,3.0,4.7,0.63,0.0,0.0,0.0,3.0,4.7,0.632,0.63,1.1,1.9,0.606,3.3,5.9,9.3,2.5,0.6,0.6,0.5,2.7,7.0,looneke01
151,Thaddeus Young,8000000,PF,34,TOR,54,9,14.7,2.0,3.7,0.545,0.1,0.6,0.176,1.9,3.0,0.622,0.561,0.3,0.5,0.692,1.3,1.8,3.1,1.4,1.0,0.1,0.8,1.6,4.4,youngth01
152,Delon Wright,7804878,PG,30,WAS,50,14,24.4,2.8,5.8,0.474,0.8,2.4,0.345,1.9,3.4,0.564,0.545,1.0,1.2,0.867,1.2,2.4,3.6,3.9,1.8,0.3,0.9,1.2,7.4,wrighde01
153,Patrick Williams,7775400,PF,21,CHI,82,65,28.3,3.8,8.3,0.464,1.4,3.4,0.415,2.4,4.9,0.498,0.549,1.1,1.3,0.857,1.0,3.0,4.0,1.2,0.9,0.9,1.2,1.8,10.2,willipa01
154,Scottie Barnes,7644600,SF,21,TOR,77,76,34.8,6.0,13.2,0.456,0.8,2.9,0.281,5.2,10.3,0.505,0.487,2.5,3.2,0.772,2.3,4.3,6.6,4.8,1.1,0.8,2.0,2.2,15.3,barnesc01
155,Cedi Osman,7426088,SF,27,CLE,77,2,20.1,3.1,6.9,0.451,1.5,4.1,0.372,1.6,2.8,0.564,0.56,1.0,1.4,0.694,0.3,2.0,2.3,1.5,0.5,0.1,0.7,1.6,8.7,osmande01
156,Coby White,7413955,SG,22,CHI,74,2,23.4,3.6,8.0,0.443,1.7,4.6,0.372,1.8,3.4,0.54,0.551,0.8,0.9,0.871,0.2,2.6,2.9,2.8,0.7,0.1,1.0,1.6,9.7,whiteco01
157,Zach Collins,7350000,C,25,SAS,63,26,22.9,4.5,8.7,0.518,0.9,2.3,0.374,3.6,6.4,0.571,0.568,1.7,2.3,0.761,1.8,4.5,6.4,2.9,0.6,0.8,2.0,3.2,11.6,colliza01
158,Jaden Ivey,7252200,SG,20,DET,74,73,31.1,5.5,13.3,0.416,1.6,4.7,0.343,3.9,8.6,0.457,0.477,3.6,4.8,0.747,1.0,2.9,3.9,5.2,0.8,0.2,3.2,3.3,16.3,iveyja01
159,Taurean Prince,7100000,PF,28,MIN,54,4,22.1,3.3,7.0,0.467,1.4,3.6,0.381,1.9,3.4,0.557,0.565,1.2,1.4,0.844,0.3,2.2,2.4,1.6,0.5,0.3,1.3,2.3,9.1,princta02
160,Jae'Sean Tate,7065217,SF,27,HOU,31,7,21.8,3.5,7.4,0.48,0.4,1.5,0.283,3.1,5.9,0.53,0.509,1.6,2.2,0.725,1.3,2.5,3.8,2.7,0.7,0.2,1.5,3.4,9.1,tateja01
161,Isaac Okoro,7040880,SF,22,CLE,76,46,21.7,2.3,4.7,0.494,0.8,2.3,0.363,1.5,2.4,0.617,0.582,1.0,1.4,0.757,0.7,1.8,2.5,1.1,0.7,0.4,0.6,2.1,6.4,okorois01
162,Cody Martin,7000000,SF,27,CHO,7,0,19.1,2.0,5.1,0.389,0.4,2.0,0.214,1.6,3.1,0.5,0.431,0.6,1.0,0.571,1.1,2.3,3.4,1.6,0.6,0.1,0.3,1.9,5.0,martico01
163,Jalen Suggs,6922320,SG,21,ORL,53,19,23.5,3.5,8.4,0.419,1.2,3.8,0.327,2.3,4.6,0.496,0.493,1.6,2.2,0.723,1.0,2.0,3.0,2.9,1.3,0.5,1.8,2.3,9.9,suggsja01
164,Jaxson Hayes,6803012,C,22,NOP,47,2,13.0,1.8,3.3,0.551,0.1,0.6,0.103,1.8,2.7,0.654,0.561,1.2,1.8,0.699,0.8,2.0,2.8,0.7,0.4,0.4,0.7,1.4,5.0,hayesja02
165,Khem Birch,6667500,C,30,TOR,20,0,8.1,1.0,1.6,0.594,0.1,0.1,0.5,0.9,1.5,0.6,0.609,0.2,0.3,0.8,0.4,0.9,1.3,0.4,0.3,0.3,0.4,1.2,2.2,birchkh01
166,Bennedict Mathurin,6586800,SG,20,IND,78,17,28.5,5.3,12.2,0.434,1.3,4.0,0.323,4.0,8.2,0.488,0.487,4.8,5.8,0.828,1.1,3.0,4.1,1.5,0.6,0.2,1.9,2.1,16.7,mathube01
167,Bruce Brown,6479000,SF,26,DEN,80,31,28.5,4.5,9.3,0.483,1.1,3.2,0.358,3.3,6.1,0.548,0.545,1.5,1.9,0.758,0.8,3.3,4.1,3.4,1.1,0.6,1.5,2.4,11.5,brownbr01
168,Caleb Martin,6479000,SF,27,MIA,71,49,29.3,3.6,7.7,0.464,1.2,3.3,0.356,2.4,4.4,0.545,0.54,1.3,1.6,0.805,1.2,3.6,4.8,1.6,1.0,0.4,1.1,2.0,9.6,martica02
169,Joe Ingles,6479000,SF,35,MIL,46,0,22.7,2.3,5.4,0.435,1.8,4.4,0.409,0.5,1.0,0.556,0.603,0.4,0.5,0.857,0.3,2.5,2.8,3.3,0.7,0.1,1.2,1.6,6.9,inglejo01
170,Onyeka Okongwu,6395160,C,22,ATL,80,18,23.1,4.0,6.2,0.638,0.1,0.2,0.308,3.9,6.1,0.647,0.642,1.9,2.5,0.781,2.7,4.5,7.2,1.0,0.7,1.3,1.0,3.1,9.9,okongon01
171,Josh Giddey,6287400,PF,20,OKC,76,76,31.1,7.1,14.7,0.482,1.0,3.1,0.325,6.1,11.6,0.524,0.516,1.4,1.9,0.731,1.9,5.9,7.9,6.2,0.8,0.4,2.8,1.9,16.6,giddejo01
172,Rui Hachimura,6263188,PF,24,LAL/WAS,63,9,23.3,4.5,9.3,0.486,0.8,2.5,0.319,3.7,6.7,0.55,0.53,1.4,1.9,0.739,0.8,3.7,4.5,0.9,0.3,0.4,0.8,1.1,11.2,hachiru01
173,Rudy Gay,6184500,PF,36,UTA,56,0,14.6,1.9,5.1,0.38,0.6,2.3,0.254,1.4,2.8,0.484,0.437,0.8,0.9,0.857,0.6,2.3,2.9,1.0,0.3,0.3,0.7,1.2,5.2,gayru01
174,Jevon Carter,6025000,PG,27,MIL,81,39,22.3,3.0,7.0,0.423,1.8,4.2,0.421,1.2,2.8,0.425,0.549,0.4,0.5,0.816,0.4,2.1,2.5,2.4,0.8,0.4,1.0,2.0,8.0,carteje01
175,Shaedon Sharpe,6012960,SG,19,POR,80,15,22.2,3.8,8.1,0.472,1.3,3.5,0.36,2.6,4.6,0.559,0.551,0.9,1.3,0.714,0.8,2.2,3.0,1.2,0.5,0.3,1.0,1.7,9.9,sharpsh01
176,Cameron Payne,6000000,PG,28,PHO,48,15,20.2,3.9,9.4,0.415,1.4,3.9,0.368,2.5,5.6,0.448,0.49,1.0,1.3,0.766,0.3,2.0,2.2,4.5,0.7,0.2,1.7,1.8,10.3,payneca01
177,Justin Holiday,5987975,SF,33,DAL/ATL,46,2,15.3,1.7,4.4,0.377,1.0,3.1,0.322,0.7,1.3,0.508,0.49,0.1,0.2,0.625,0.1,1.1,1.2,0.9,0.4,0.4,0.5,1.5,4.5,holidju01
178,Cam Reddish,5954454,SF,23,NYK/POR,40,20,24.8,3.5,7.8,0.446,1.1,3.6,0.313,2.4,4.2,0.56,0.518,1.6,1.9,0.853,0.5,1.8,2.2,1.4,1.0,0.4,1.2,1.8,9.7,reddica01
179,Cameron Johnson,5887899,PF,26,BRK/PHO,42,41,28.5,5.3,11.3,0.47,2.5,6.1,0.404,2.9,5.2,0.548,0.579,2.4,2.9,0.842,0.8,3.6,4.4,1.9,1.2,0.3,0.9,2.0,15.5,johnsca02
180,Ricky Rubio,5853659,PG,32,CLE,33,2,17.2,1.8,5.4,0.343,0.6,2.5,0.256,1.2,2.9,0.417,0.402,0.8,1.1,0.8,0.3,1.8,2.1,3.5,0.8,0.2,0.9,1.5,5.2,rubiori01
181,Killian Hayes,5837760,PG,21,DET,76,56,28.3,4.0,10.7,0.377,1.1,3.8,0.28,3.0,7.0,0.429,0.426,1.2,1.5,0.821,0.4,2.5,2.9,6.2,1.4,0.4,2.3,2.9,10.3,hayeski01
182,Jonathan Kuminga,5739840,PF,20,GSW,67,16,20.8,3.9,7.4,0.525,0.8,2.2,0.37,3.1,5.2,0.59,0.579,1.3,2.1,0.652,1.0,2.4,3.4,1.9,0.6,0.5,1.4,2.3,9.9,kuminjo01
183,Pat Connaughton,5728393,SF,30,MIL,61,33,23.7,2.7,6.9,0.392,1.8,5.3,0.339,0.9,1.6,0.566,0.521,0.4,0.7,0.659,0.8,3.8,4.6,1.3,0.6,0.2,0.5,1.1,7.6,connapa01
184,Tyler Herro,5722116,SG,23,MIA,67,67,34.9,7.3,16.6,0.439,3.0,8.0,0.378,4.2,8.5,0.497,0.531,2.5,2.7,0.934,0.4,5.0,5.4,4.2,0.8,0.2,2.4,1.5,20.1,herroty01
185,Romeo Langford,5634257,SG,23,SAS,43,21,19.6,2.8,6.0,0.467,0.4,1.4,0.262,2.4,4.6,0.53,0.498,0.9,1.3,0.696,1.3,1.3,2.7,1.2,0.6,0.3,0.7,1.6,6.9,langfro01
186,Dyson Daniels,5508600,PG,19,NOP,59,11,17.7,1.5,3.5,0.418,0.5,1.5,0.314,1.0,2.1,0.492,0.483,0.4,0.7,0.65,0.6,2.6,3.2,2.3,0.7,0.2,1.0,1.7,3.8,daniedy01
187,JaVale McGee,5461219,C,35,DAL,42,7,8.5,1.9,3.0,0.64,0.0,0.1,0.4,1.9,2.9,0.65,0.648,0.6,1.0,0.585,0.7,1.8,2.5,0.3,0.1,0.6,0.9,1.3,4.4,mcgeeja01
188,Goga Bitadze,5377520,C,23,ORL/IND,38,1,12.0,1.8,3.3,0.552,0.2,0.7,0.231,1.7,2.6,0.636,0.576,0.6,1.1,0.548,1.6,2.0,3.6,1.0,0.4,0.7,0.6,1.7,4.4,bitadgo01
189,Obi Toppin,5348280,PF,24,NYK,67,5,15.7,2.8,6.3,0.446,1.3,3.7,0.344,1.5,2.6,0.593,0.548,0.6,0.7,0.809,0.4,2.4,2.8,1.0,0.3,0.2,0.6,1.0,7.4,toppiob01
190,Franz Wagner,5258280,SF,21,ORL,80,80,32.6,6.8,14.0,0.485,1.6,4.5,0.361,5.2,9.5,0.544,0.543,3.4,4.0,0.842,0.9,3.2,4.1,3.5,1.0,0.2,2.1,2.3,18.6,wagnefr01
191,Kendrick Nunn,5250000,SG,27,LAL/WAS,70,2,13.8,2.7,6.4,0.424,1.1,3.2,0.354,1.6,3.2,0.493,0.512,0.5,0.6,0.854,0.2,1.3,1.6,1.3,0.4,0.1,0.9,0.9,7.1,nunnke01
192,Hamidou Diallo,5200000,SF,24,DET,56,0,17.8,3.8,6.7,0.573,0.1,0.4,0.238,3.8,6.3,0.593,0.58,1.6,2.6,0.588,1.0,2.4,3.5,1.0,0.9,0.3,1.3,2.2,9.3,diallha01
193,Cory Joseph,5155500,PG,31,DET,62,2,19.8,2.4,5.7,0.427,1.1,2.9,0.389,1.3,2.8,0.468,0.527,0.9,1.2,0.792,0.3,1.4,1.7,3.5,0.5,0.1,0.9,1.4,6.9,josepco01
194,Garrett Temple,5155500,SG,36,NOP,25,0,6.5,0.7,1.8,0.4,0.4,1.0,0.423,0.3,0.8,0.368,0.522,0.1,0.2,0.75,0.2,0.5,0.7,0.5,0.4,0.1,0.2,0.6,2.0,templga01
195,Torrey Craig,5121951,PF,32,PHO,79,60,24.7,2.9,6.3,0.456,1.3,3.2,0.395,1.6,3.1,0.518,0.556,0.4,0.6,0.711,1.8,3.6,5.4,1.5,0.6,0.8,0.9,2.3,7.4,craigto01
196,Jeremy Sochan,5063520,PF,19,SAS,56,53,26.0,4.5,9.9,0.453,0.6,2.4,0.246,3.9,7.5,0.519,0.483,1.4,2.1,0.698,1.7,3.6,5.3,2.5,0.8,0.4,1.7,2.5,11.0,sochaje01
197,Nickeil Alexander-Walker,5009633,SG,24,MIN/UTA,59,3,15.0,2.2,5.0,0.444,1.0,2.7,0.384,1.2,2.3,0.515,0.547,0.7,1.0,0.667,0.3,1.5,1.7,1.8,0.5,0.4,0.9,1.5,6.2,alexani01
198,Furkan Korkmaz,5000000,SG,25,PHI,37,0,9.5,1.3,3.0,0.432,0.5,1.2,0.391,0.8,1.8,0.462,0.514,0.7,1.0,0.722,0.2,1.0,1.1,0.6,0.3,0.1,0.6,0.5,3.8,korkmfu01
199,Deni Avdija,4916160,SF,22,WAS,76,40,26.6,3.3,7.6,0.437,0.9,3.1,0.297,2.4,4.6,0.53,0.497,1.6,2.2,0.739,1.0,5.4,6.4,2.8,0.9,0.4,1.6,2.8,9.2,avdijde01
200,Davion Mitchell,4833600,PG,24,SAC,80,9,18.1,2.3,5.0,0.454,0.8,2.5,0.32,1.5,2.5,0.584,0.533,0.3,0.4,0.806,0.2,1.1,1.3,2.3,0.6,0.2,0.8,1.4,5.6,mitchda01
201,Johnny Davis,4810320,SG,20,WAS,28,5,15.1,2.4,6.1,0.386,0.6,2.5,0.243,1.8,3.6,0.485,0.436,0.5,1.0,0.519,0.4,2.0,2.3,1.0,0.4,0.3,0.6,1.7,5.8,davisjo06
202,Ty Jerome,4728948,SG,25,GSW,45,2,18.1,2.6,5.4,0.488,0.8,2.0,0.389,1.8,3.4,0.546,0.56,0.8,0.9,0.927,0.2,1.6,1.7,3.0,0.5,0.1,0.7,1.4,6.9,jeromty01
203,Jalen Smith,4670160,C,22,IND,68,31,18.8,3.6,7.5,0.476,0.8,2.8,0.283,2.8,4.7,0.593,0.53,1.5,2.0,0.759,1.9,3.9,5.8,1.0,0.3,0.9,1.1,2.3,9.4,smithja04
204,Ziaire Williams,4591680,SF,21,MEM,37,4,15.2,2.3,5.3,0.429,0.7,2.6,0.258,1.6,2.7,0.596,0.492,0.5,0.6,0.773,0.4,1.7,2.1,0.9,0.4,0.2,1.0,1.6,5.7,willizi02
205,Ousmane Dieng,4569840,PF,19,OKC,39,1,14.6,1.9,4.6,0.42,0.7,2.5,0.265,1.3,2.1,0.602,0.492,0.4,0.6,0.652,0.5,2.2,2.7,1.2,0.4,0.2,0.7,1.1,4.9,diengou01
206,Jeff Green,4500000,PF,36,DEN,56,4,19.5,2.9,5.9,0.488,0.5,1.9,0.288,2.3,4.0,0.58,0.534,1.6,2.1,0.744,0.7,1.9,2.6,1.2,0.3,0.3,0.8,1.8,7.8,greenje02
207,Donte DiVincenzo,4500000,SG,26,GSW,72,36,26.3,3.3,7.5,0.435,2.1,5.3,0.397,1.2,2.3,0.525,0.574,0.8,1.0,0.817,1.1,3.4,4.5,3.5,1.3,0.1,1.6,1.8,9.4,divindo01
208,Devin Vassell,4437000,SG,22,SAS,38,32,31.0,6.9,15.7,0.439,2.7,7.0,0.387,4.2,8.7,0.48,0.525,2.1,2.6,0.78,0.2,3.7,3.9,3.6,1.1,0.4,1.5,1.5,18.5,vassede01
209,Matisse Thybulle,4379526,SF-SG,25,PHI/POR,71,28,16.9,1.5,3.6,0.435,0.8,2.1,0.365,0.8,1.5,0.533,0.542,0.3,0.4,0.679,0.6,1.4,2.0,0.7,1.2,0.5,0.3,1.6,4.1,thybuma01
210,Jarred Vanderbilt,4374000,PF,23,LAL/UTA,78,65,24.1,3.2,5.8,0.548,0.4,1.2,0.322,2.8,4.6,0.604,0.58,1.2,1.8,0.691,2.2,5.3,7.5,2.4,1.1,0.3,1.2,2.4,7.9,vandeja01
211,James Bouknight,4362240,SG,22,CHO,34,0,15.1,2.0,5.7,0.358,1.0,3.2,0.303,1.1,2.5,0.429,0.443,0.6,0.9,0.667,0.2,1.9,2.1,1.2,0.4,0.1,0.9,1.4,5.6,bouknja01
212,Brandon Clarke,4343919,PF,26,MEM,56,8,19.5,4.1,6.2,0.656,0.0,0.1,0.167,4.1,6.1,0.665,0.658,1.8,2.4,0.723,1.6,3.9,5.5,1.3,0.6,0.7,1.0,2.3,10.0,clarkbr01
213,Jalen Williams,4341480,SG,21,OKC,75,62,30.3,5.5,10.6,0.521,1.0,2.7,0.356,4.5,7.9,0.579,0.567,2.1,2.5,0.812,1.1,3.4,4.5,3.3,1.4,0.5,1.6,2.5,14.1,willija06
214,Grant Williams,4306281,PF,24,BOS,79,23,25.9,2.7,6.0,0.454,1.5,3.7,0.395,1.3,2.3,0.546,0.575,1.2,1.5,0.77,1.1,3.5,4.6,1.7,0.5,0.4,1.0,2.4,8.1,willigr01
215,Darius Bazley,4264628,C,22,OKC/PHO,43,1,14.3,1.9,4.3,0.454,0.5,1.2,0.377,1.5,3.0,0.485,0.508,0.9,1.6,0.543,0.8,2.4,3.2,0.9,0.5,0.8,0.6,1.0,5.2,bazleda01
216,Tyrese Haliburton,4215120,PG,22,IND,56,56,33.6,7.4,15.0,0.49,2.9,7.2,0.4,4.5,7.8,0.572,0.586,3.1,3.6,0.871,0.6,3.1,3.7,10.4,1.6,0.4,2.5,1.2,20.7,halibty01
217,Nassir Little,4171548,SF,22,POR,54,4,18.1,2.5,5.6,0.442,1.1,2.9,0.367,1.4,2.7,0.524,0.538,0.6,0.9,0.717,0.5,2.1,2.6,0.9,0.4,0.4,0.7,1.2,6.6,littlna01
218,Jalen Duren,4124280,C,19,DET,67,31,24.9,3.9,5.9,0.648,0.0,0.0,0.0,3.9,5.9,0.652,0.648,1.4,2.3,0.611,3.4,5.5,8.9,1.1,0.7,0.9,1.4,2.7,9.1,durenja01
219,Gorgui Dieng,4105236,C,33,SAS,31,1,11.5,1.5,3.8,0.385,0.7,2.4,0.28,0.8,1.4,0.571,0.474,0.3,0.4,0.769,0.9,2.6,3.5,1.7,0.1,0.5,1.0,1.8,3.9,dienggo01
220,Justise Winslow,4097561,PF,26,POR,29,11,26.8,2.8,6.8,0.409,0.5,1.6,0.311,2.3,5.3,0.438,0.444,0.7,1.0,0.714,1.7,3.3,5.0,3.4,1.0,0.4,1.5,3.1,6.8,winslju01
221,Dylan Windler,4037277,SF,26,CLE,3,0,3.3,0.7,1.0,0.667,0.3,0.7,0.5,0.3,0.3,1.0,0.833,0.0,0.0,,0.0,0.0,0.0,0.3,0.3,0.0,0.3,0.0,1.7,windldy01
222,Stanley Johnson,4022164,SF,26,SAS,30,0,15.6,2.2,4.1,0.533,0.6,1.3,0.45,1.6,2.7,0.573,0.607,0.9,1.3,0.667,0.7,2.4,3.2,2.2,0.5,0.2,1.1,1.6,5.8,johnsst04
223,George Hill,4000000,PG-SG,36,MIL/IND,46,1,18.1,1.7,3.6,0.47,0.7,2.1,0.358,1.0,1.5,0.62,0.572,0.9,1.2,0.764,0.3,1.5,1.8,2.4,0.6,0.1,0.7,1.2,5.0,hillge01
224,Terence Davis,4000000,SG,25,SAC,64,5,13.1,2.4,5.7,0.423,1.4,3.8,0.366,1.0,1.9,0.537,0.545,0.5,0.7,0.791,0.3,1.9,2.2,1.0,0.7,0.2,0.8,1.6,6.7,daviste02
225,Chris Duarte,3936960,SF,25,IND,46,12,19.5,2.7,7.2,0.369,1.2,3.8,0.316,1.5,3.5,0.428,0.452,1.3,1.6,0.847,0.4,2.1,2.5,1.4,0.5,0.2,0.9,1.4,7.9,duartch01
226,Alex Len,3918600,C,29,SAC,26,2,6.2,0.6,1.2,0.533,0.0,0.1,0.0,0.6,1.1,0.571,0.533,0.4,0.6,0.688,0.9,1.4,2.3,0.5,0.2,0.4,0.6,1.1,1.7,lenal01
227,Ochai Agbaji,3918360,SG,22,UTA,59,22,20.5,2.8,6.5,0.427,1.4,3.9,0.355,1.4,2.7,0.532,0.532,0.9,1.2,0.812,0.7,1.3,2.1,1.1,0.3,0.3,0.7,1.7,7.9,agbajoc01
228,Jordan Poole,3901399,PG,23,GSW,82,43,30.0,6.7,15.6,0.43,2.6,7.8,0.336,4.1,7.8,0.524,0.514,4.4,5.1,0.87,0.4,2.4,2.7,4.5,0.8,0.3,3.1,2.6,20.4,poolejo01
229,Keldon Johnson,3873024,SF,23,SAS,63,63,32.7,8.0,17.7,0.452,2.1,6.5,0.329,5.9,11.2,0.523,0.512,3.9,5.2,0.749,0.9,4.2,5.0,2.9,0.7,0.2,2.1,2.0,22.0,johnske04
230,James Johnson,3841067,PF,35,IND,18,1,9.0,1.2,2.7,0.449,0.2,0.8,0.2,1.1,1.9,0.559,0.48,0.2,0.4,0.5,0.2,1.4,1.7,0.8,0.4,0.3,0.4,1.8,2.8,johnsja01
231,Aaron Nesmith,3804360,SF,23,IND,73,60,24.9,3.5,8.1,0.427,1.6,4.3,0.366,1.9,3.8,0.496,0.525,1.6,1.9,0.838,0.8,2.9,3.8,1.3,0.8,0.5,1.0,3.2,10.1,nesmiaa01
232,Moses Moody,3740160,SG,20,GSW,63,3,13.0,1.7,3.6,0.476,0.8,2.1,0.363,0.9,1.5,0.641,0.584,0.6,0.8,0.698,0.4,1.2,1.7,0.8,0.3,0.1,0.5,0.9,4.8,moodymo01
233,Mark Williams,3722040,C,21,CHO,43,17,19.3,3.7,5.8,0.637,0.0,0.0,,3.7,5.8,0.637,0.637,1.6,2.3,0.691,2.2,4.9,7.1,0.4,0.7,1.0,0.9,2.2,9.0,willima07
234,Cole Anthony,3613680,PG,22,ORL,60,4,25.9,4.6,10.2,0.454,1.3,3.4,0.364,3.4,6.7,0.5,0.516,2.5,2.8,0.894,0.8,4.0,4.8,3.9,0.6,0.5,1.5,2.6,13.0,anthoco01
235,Corey Kispert,3552840,SF,23,WAS,74,45,28.3,3.9,7.9,0.497,2.2,5.2,0.424,1.7,2.7,0.637,0.637,1.0,1.2,0.852,0.4,2.4,2.8,1.2,0.4,0.1,0.7,1.3,11.1,kispeco01
236,AJ Griffin,3536160,SF,19,ATL,72,12,19.5,3.4,7.4,0.465,1.4,3.6,0.39,2.0,3.8,0.536,0.56,0.6,0.7,0.894,0.5,1.6,2.1,1.0,0.6,0.2,0.6,1.2,8.9,griffaj01
237,Mike Muscala,3500000,C,31,BOS/OKC,63,9,15.0,2.1,4.6,0.449,1.3,3.3,0.391,0.8,1.3,0.588,0.587,0.6,0.8,0.769,0.6,2.6,3.2,0.8,0.2,0.4,0.4,1.6,6.1,muscami01
238,Georges Niang,3465000,PF,29,PHI,78,1,19.4,2.8,6.4,0.442,2.0,4.9,0.401,0.9,1.5,0.576,0.596,0.5,0.6,0.867,0.2,2.1,2.4,1.0,0.4,0.2,0.7,1.9,8.2,niangge01
239,Isaiah Stewart,3433320,C,21,DET,50,47,28.3,3.9,8.8,0.442,1.3,4.1,0.327,2.6,4.7,0.542,0.518,2.2,3.0,0.738,2.3,5.8,8.1,1.4,0.4,0.7,1.4,2.7,11.3,stewais01
240,Chuma Okeke,3433320,SF,24,ORL,27,8,19.2,1.6,4.5,0.352,1.0,3.2,0.302,0.6,1.3,0.472,0.459,0.6,0.8,0.762,1.0,2.6,3.6,1.4,0.7,0.4,0.6,1.5,4.7,okekech01
241,Amir Coffey,3395062,SF,25,LAC,50,9,12.5,1.1,2.9,0.386,0.2,0.8,0.275,0.9,2.1,0.429,0.424,1.0,1.3,0.778,0.3,0.7,1.1,1.1,0.1,0.1,0.4,1.0,3.4,coffeam01
242,Tari Eason,3359160,PF,21,HOU,82,5,21.5,3.6,8.0,0.448,0.7,2.1,0.343,2.9,6.0,0.486,0.493,1.3,1.8,0.752,2.4,3.7,6.0,1.1,1.2,0.6,1.2,2.3,9.3,easonta01
243,Aleksej Pokusevski,3261480,PF,21,OKC,34,25,20.6,3.2,7.3,0.434,1.1,3.1,0.365,2.1,4.3,0.483,0.51,0.6,1.0,0.629,1.3,3.4,4.7,1.9,0.6,1.3,1.3,1.7,8.1,pokusal01
244,Simone Fontecchio,3205128,SF,27,UTA,52,6,14.7,2.2,6.0,0.369,1.2,3.7,0.33,1.0,2.3,0.43,0.47,0.7,0.8,0.795,0.6,1.1,1.7,0.8,0.3,0.2,0.8,1.2,6.3,fontesi01
245,Andre Drummond,3200000,C,29,CHI,67,0,12.7,2.5,4.1,0.606,0.0,0.0,0.0,2.5,4.0,0.613,0.606,1.0,1.9,0.536,2.1,4.6,6.6,0.5,0.7,0.4,1.1,1.7,6.0,drumman01
246,Dalen Terry,3191400,SG,20,CHI,38,0,5.6,0.8,1.9,0.444,0.2,0.7,0.259,0.7,1.2,0.556,0.493,0.4,0.6,0.667,0.3,0.7,1.0,0.6,0.3,0.1,0.2,0.6,2.2,terryda01
247,Sterling Brown,3122602,SF,27,LAL,4,0,6.0,0.0,1.0,0.0,0.0,0.5,0.0,0.0,0.5,0.0,0.0,0.0,0.0,,0.8,1.3,2.0,0.5,0.8,0.0,0.0,1.0,0.0,brownst02
248,Josh Green,3098400,SG,22,DAL,60,21,25.7,3.4,6.4,0.537,1.1,2.8,0.402,2.3,3.6,0.643,0.626,1.1,1.6,0.723,0.9,2.1,3.0,1.7,0.7,0.1,1.2,2.6,9.1,greenjo02
249,Jake LaRavia,3047640,PF,21,MEM,35,0,11.8,1.1,2.7,0.389,0.7,2.0,0.338,0.4,0.7,0.542,0.516,0.2,0.3,0.778,0.5,1.3,1.8,0.6,0.3,0.1,0.5,1.4,3.0,laravja01
250,Tre Mann,3046200,PG,21,OKC,67,5,17.7,2.9,7.5,0.393,1.2,3.8,0.315,1.7,3.6,0.475,0.474,0.6,0.8,0.764,0.4,1.9,2.3,1.8,0.6,0.2,0.9,1.5,7.7,manntr01
251,Kevin Knox,3000000,SF-PF,23,DET/POR,63,5,15.1,2.4,5.3,0.458,1.0,3.0,0.349,1.4,2.3,0.596,0.556,0.7,1.0,0.767,0.5,2.3,2.8,0.5,0.4,0.2,0.8,1.5,6.6,knoxke01
252,Saddiq Bey,2959080,SF,23,DET/ATL,77,37,27.6,4.6,10.9,0.422,2.0,5.4,0.361,2.6,5.4,0.483,0.513,2.7,3.1,0.861,1.3,3.4,4.7,1.5,0.9,0.2,0.9,1.6,13.8,beysa01
253,Malaki Branham,2925600,SG,19,SAS,66,32,23.5,4.1,9.3,0.44,1.2,3.9,0.302,2.9,5.4,0.539,0.503,0.9,1.1,0.829,0.4,2.3,2.7,1.9,0.5,0.1,1.2,1.7,10.2,branhma01
254,Joe Wieskamp,2909261,SF,23,TOR,9,0,5.6,0.3,1.6,0.214,0.3,1.3,0.25,0.0,0.2,0.0,0.321,0.0,0.0,,0.0,0.4,0.4,0.3,0.0,0.0,0.1,0.3,1.0,wieskjo01
255,Kai Jones,2909040,C,22,CHO,46,0,12.0,1.5,2.6,0.558,0.1,0.4,0.211,1.4,2.2,0.624,0.575,0.4,0.6,0.731,0.8,1.9,2.7,0.3,0.4,0.7,0.7,1.4,3.4,joneska01
256,Blake Griffin,2905851,C,33,BOS,41,16,13.9,1.5,3.2,0.485,0.6,1.6,0.348,1.0,1.6,0.625,0.573,0.5,0.8,0.656,1.1,2.6,3.8,1.5,0.3,0.2,0.5,1.8,4.1,griffbl01
257,Robin Lopez,2905851,C,34,CLE,37,2,8.1,1.3,2.0,0.64,0.1,0.1,0.5,1.2,1.9,0.648,0.653,0.4,0.5,0.778,0.6,0.8,1.4,0.5,0.1,0.2,0.7,1.2,3.0,lopezro01
258,Markieff Morris,2905851,PF,33,BRK/DAL,35,2,10.1,1.3,3.3,0.409,0.8,2.0,0.394,0.5,1.3,0.432,0.53,0.3,0.3,1.0,0.4,1.7,2.0,0.9,0.3,0.1,0.5,1.4,3.8,morrima02
259,Andre Iguodala,2905851,PF,39,GSW,8,0,14.1,0.9,1.9,0.467,0.1,1.1,0.111,0.8,0.8,1.0,0.5,0.3,0.4,0.667,0.4,1.8,2.1,2.4,0.5,0.4,1.1,1.4,2.1,iguodan01
260,Serge Ibaka,2905851,C,33,MIL,16,0,11.6,1.6,3.4,0.481,0.4,1.1,0.333,1.3,2.3,0.556,0.537,0.5,0.8,0.615,0.9,1.8,2.8,0.3,0.1,0.4,0.7,1.4,4.1,ibakase01
261,Udonis Haslem,2905851,C,42,MIA,7,1,10.1,1.4,4.1,0.345,0.4,1.3,0.333,1.0,2.9,0.35,0.397,0.6,0.7,0.8,0.6,1.0,1.6,0.0,0.1,0.3,0.1,1.6,3.9,hasleud01
262,Wesley Matthews,2905851,SF,36,MIL,52,0,15.8,1.1,3.1,0.363,0.8,2.4,0.315,0.4,0.7,0.528,0.484,0.5,0.5,0.857,0.7,1.5,2.2,0.7,0.4,0.3,0.3,1.4,3.4,matthwe02
263,Austin Rivers,2905851,SG,30,MIN,52,10,19.5,1.8,4.0,0.435,0.8,2.4,0.35,0.9,1.7,0.558,0.538,0.6,0.8,0.769,0.1,1.5,1.6,1.4,0.5,0.1,0.4,1.5,4.9,riverau01
264,Bismack Biyombo,2905851,C,30,PHO,61,14,14.3,2.0,3.4,0.578,0.0,0.0,,2.0,3.4,0.578,0.578,0.4,1.1,0.357,1.5,2.8,4.3,0.9,0.3,1.4,0.8,1.9,4.3,biyombi01
265,Taj Gibson,2905851,C,37,WAS,49,2,9.8,1.3,2.6,0.52,0.2,0.5,0.333,1.2,2.1,0.564,0.552,0.6,0.9,0.714,0.7,1.2,1.9,0.7,0.3,0.2,0.5,1.7,3.4,gibsota01
266,Precious Achiuwa,2840160,C,23,TOR,55,12,20.7,3.6,7.3,0.485,0.5,2.0,0.269,3.0,5.4,0.564,0.521,1.6,2.3,0.702,1.8,4.1,6.0,0.9,0.6,0.5,1.1,1.9,9.2,achiupr01
267,Christian Braun,2808600,SG,21,DEN,76,6,15.5,1.9,3.8,0.495,0.4,1.3,0.354,1.4,2.5,0.565,0.554,0.5,0.8,0.625,0.6,1.8,2.4,0.8,0.5,0.2,0.5,1.3,4.7,braunch01
268,Jordan Nwora,2800000,SF,24,MIL/IND,62,14,19.2,3.1,7.2,0.436,1.4,3.4,0.408,1.7,3.8,0.462,0.533,1.1,1.4,0.791,0.8,2.9,3.7,1.4,0.4,0.2,1.1,1.2,8.7,nworajo01
269,Jalen Johnson,2792640,SF,21,ATL,70,6,14.9,2.3,4.6,0.491,0.4,1.5,0.288,1.8,3.1,0.587,0.537,0.7,1.1,0.628,0.7,3.3,4.0,1.2,0.5,0.5,0.6,1.6,5.6,johnsja05
270,Tyrese Maxey,2726880,SG,22,PHI,60,41,33.6,7.3,15.2,0.481,2.7,6.2,0.434,4.7,9.1,0.513,0.568,3.0,3.6,0.845,0.4,2.6,2.9,3.5,0.8,0.1,1.3,2.2,20.3,maxeyty01
271,Bruno Fernando,2717391,C,24,HOU/ATL,39,4,10.4,1.5,2.9,0.527,0.0,0.1,0.0,1.5,2.8,0.546,0.527,0.9,1.3,0.7,1.4,2.1,3.5,0.8,0.2,0.9,0.6,1.9,3.9,fernabr01
272,Walker Kessler,2696400,C,21,UTA,74,40,23.0,4.0,5.6,0.72,0.0,0.0,0.333,4.0,5.6,0.723,0.721,1.1,2.1,0.516,3.1,5.3,8.4,0.9,0.4,2.3,0.8,2.3,9.2,kesslwa01
273,Keon Johnson,2681040,SG,20,POR,40,0,10.4,1.7,4.5,0.376,0.7,2.0,0.346,1.0,2.4,0.402,0.455,0.7,1.0,0.659,0.3,0.8,1.1,1.5,0.5,0.2,1.1,1.1,4.7,johnske07
274,Charles Bassey,2674742,C,22,SAS,35,2,14.5,2.5,3.9,0.644,0.1,0.2,0.375,2.4,3.6,0.661,0.656,0.6,1.1,0.595,2.1,3.4,5.5,1.3,0.5,0.9,1.2,2.1,5.7,bassech01
275,Matthew Dellavedova,2628597,PG,32,SAC,32,0,6.7,0.5,1.6,0.34,0.3,0.8,0.333,0.3,0.7,0.348,0.43,0.1,0.2,0.571,0.0,0.4,0.4,1.3,0.2,0.0,0.3,0.6,1.5,dellama01
276,Trey Lyles,2625000,PF,27,SAC,74,0,16.9,2.5,5.5,0.458,1.2,3.2,0.363,1.4,2.3,0.595,0.565,1.4,1.7,0.815,0.9,3.1,4.1,0.9,0.4,0.4,0.9,1.3,7.6,lylestr01
277,Zeke Nnaji,2617800,PF,22,DEN,53,5,13.7,2.1,3.7,0.561,0.3,1.2,0.262,1.8,2.5,0.71,0.605,0.8,1.2,0.645,1.2,1.4,2.6,0.3,0.3,0.4,0.6,2.0,5.2,nnajize01
278,David Roddy,2588640,PF,21,MEM,70,4,18.0,2.6,6.0,0.429,0.9,3.0,0.307,1.6,3.0,0.553,0.506,0.6,0.9,0.631,0.7,2.0,2.8,0.8,0.4,0.3,0.8,1.5,6.7,roddyda01
279,Isaiah Jackson,2573760,C,21,IND,63,12,16.5,2.8,5.0,0.563,0.0,0.2,0.143,2.8,4.8,0.582,0.566,1.5,2.3,0.651,1.8,2.7,4.5,0.8,0.5,1.5,0.8,2.4,7.2,jacksis01
280,MarJon Beauchamp,2485200,SF,22,MIL,52,11,13.5,1.8,4.7,0.395,0.9,2.7,0.331,0.9,1.9,0.485,0.492,0.5,0.7,0.73,0.7,1.5,2.2,0.7,0.4,0.1,0.9,1.4,5.1,beaucma01
281,Usman Garuba,2471160,C,20,HOU,75,1,12.9,1.1,2.4,0.486,0.3,0.8,0.407,0.8,1.6,0.525,0.554,0.4,0.6,0.617,1.6,2.5,4.1,0.9,0.6,0.4,0.6,1.8,3.0,garubus01
282,Raul Neto,2463490,PG,30,CLE,48,1,10.5,1.2,2.3,0.518,0.3,0.9,0.286,0.9,1.4,0.662,0.573,0.6,0.7,0.912,0.2,0.8,1.0,1.6,0.4,0.1,0.5,1.0,3.3,netora01
283,Frank Kaminsky,2463490,C,29,HOU/ATL,36,0,6.5,0.9,1.8,0.492,0.4,0.9,0.394,0.5,0.8,0.6,0.595,0.4,0.4,0.875,0.2,1.3,1.4,0.9,0.2,0.1,0.3,0.6,2.5,kaminfr01
284,Montrezl Harrell,2463490,C,29,PHI,57,7,11.9,2.2,3.7,0.598,0.0,0.1,0.0,2.2,3.6,0.616,0.598,1.2,1.8,0.693,1.2,1.6,2.8,0.6,0.3,0.4,0.6,1.3,5.6,harremo01
285,Blake Wesley,2385480,SG,19,SAS,37,1,18.1,1.9,5.8,0.321,0.5,1.4,0.385,1.3,4.4,0.301,0.367,0.7,1.2,0.591,0.3,1.9,2.2,2.7,0.7,0.1,1.8,1.8,5.0,weslebl01
286,Josh Christopher,2372160,SG,21,HOU,64,2,12.3,2.4,5.1,0.465,0.3,1.4,0.236,2.1,3.8,0.55,0.497,0.7,0.9,0.75,0.3,0.8,1.1,1.1,0.5,0.2,0.9,0.9,5.8,chrisjo01
287,Isaiah Roby,2330681,PF,24,SAS,42,2,11.3,1.6,3.7,0.432,0.4,1.4,0.3,1.2,2.3,0.516,0.49,0.5,1.0,0.488,0.5,2.0,2.5,0.9,0.4,0.2,0.7,1.3,4.1,robyis01
288,Lindy Waters III,2316876,SG,25,OKC,41,0,13.0,1.7,4.3,0.393,1.4,4.0,0.358,0.3,0.4,0.75,0.556,0.4,0.5,0.8,0.4,1.4,1.8,0.7,0.3,0.3,0.2,1.0,5.2,waterli01
289,Immanuel Quickley,2316240,SG,23,NYK,81,21,28.9,5.2,11.6,0.448,2.1,5.6,0.37,3.1,6.0,0.521,0.537,2.5,3.1,0.819,0.7,3.4,4.2,3.4,1.0,0.2,1.2,2.0,14.9,quickim01
290,John Konchar,2300000,SF,26,MEM,72,23,20.8,1.9,4.4,0.431,0.8,2.5,0.339,1.1,2.0,0.545,0.525,0.4,0.5,0.778,0.9,3.4,4.3,1.4,1.1,0.3,0.5,1.6,5.1,konchjo01
291,Rodney McGruder,2298385,SG,31,DET,32,12,16.4,1.9,4.8,0.408,1.3,3.0,0.423,0.7,1.7,0.382,0.543,0.6,0.7,0.818,0.6,1.7,2.3,0.9,0.5,0.0,0.3,1.2,5.7,mcgruro01
292,Bryn Forbes,2298385,SG,29,MIN,25,0,10.7,1.2,3.3,0.361,0.6,1.8,0.304,0.6,1.5,0.432,0.446,0.6,0.6,1.0,0.2,0.4,0.6,0.7,0.3,0.1,0.5,0.9,3.6,forbebr01
293,Damian Jones,2298385,C,27,LAL/UTA,41,1,11.6,1.3,2.1,0.64,0.2,0.4,0.588,1.1,1.7,0.652,0.698,0.5,0.7,0.759,1.0,2.0,3.0,0.4,0.2,0.5,0.6,1.3,3.5,jonesda03
294,Quentin Grimes,2277000,SG,22,NYK,71,66,29.9,4.0,8.5,0.468,2.2,5.7,0.386,1.8,2.7,0.641,0.599,1.1,1.4,0.796,0.7,2.5,3.2,2.1,0.7,0.4,1.0,2.5,11.3,grimequ01
295,Saben Lee,2266640,PG,23,PHI/PHO,25,1,14.9,2.0,4.8,0.405,0.4,1.2,0.367,1.5,3.6,0.418,0.45,1.7,2.3,0.737,0.5,1.3,1.8,2.7,0.8,0.0,1.0,1.3,6.0,leesa01
296,Andrew Nembhard,2244111,SG,23,IND,75,63,27.6,3.8,8.6,0.441,1.2,3.5,0.35,2.6,5.1,0.504,0.512,0.7,0.8,0.79,0.5,2.2,2.7,4.5,0.9,0.2,1.7,2.4,9.5,nembhan01
297,Payton Pritchard,2239200,PG,25,BOS,48,3,13.4,2.1,5.1,0.412,1.2,3.2,0.364,0.9,1.9,0.495,0.527,0.3,0.3,0.75,0.5,1.3,1.8,1.3,0.3,0.0,0.8,0.8,5.6,pritcpa01
298,Bones Hyland,2201520,PG,22,DEN/LAC,56,1,19.4,4.1,10.2,0.399,2.1,5.6,0.371,2.0,4.6,0.434,0.502,1.5,1.8,0.843,0.4,2.1,2.4,3.1,0.7,0.3,1.5,1.7,11.8,hylanbo01
299,Bol Bol,2200000,PF,23,ORL,70,33,21.5,3.7,6.8,0.546,0.4,1.6,0.265,3.3,5.2,0.633,0.577,1.2,1.5,0.759,1.0,4.8,5.8,1.0,0.4,1.2,1.6,1.3,9.1,bolbo01
300,Peyton Watson,2193960,SG,20,DEN,23,2,8.1,1.3,2.6,0.492,0.3,0.6,0.429,1.0,2.0,0.511,0.542,0.5,0.9,0.55,0.3,1.3,1.6,0.5,0.1,0.5,0.3,0.6,3.3,watsope01
301,Udoka Azubuike,2174880,C,23,UTA,36,4,10.0,1.6,2.0,0.819,0.0,0.0,,1.6,2.0,0.819,0.819,0.2,0.6,0.35,0.9,2.4,3.3,0.3,0.2,0.4,0.5,0.9,3.5,azubuud01
302,Jaden McDaniels,2161440,SF,22,MIN,79,79,30.6,4.7,9.1,0.517,1.4,3.4,0.398,3.3,5.7,0.588,0.591,1.3,1.8,0.736,1.2,2.7,3.9,1.9,0.9,1.0,1.4,3.4,12.1,mcdanja02
303,Jordan McLaughlin,2160000,PG,26,MIN,43,0,15.8,1.4,3.4,0.421,0.6,1.8,0.308,0.9,1.6,0.552,0.503,0.3,0.4,0.833,0.3,1.1,1.4,3.4,0.7,0.1,0.8,0.7,3.7,mclaujo01
304,Malachi Flynn,2145720,PG,24,TOR,53,2,13.0,1.6,4.6,0.36,0.9,2.5,0.353,0.8,2.1,0.367,0.457,0.5,0.6,0.758,0.3,1.2,1.4,1.3,0.4,0.1,0.5,1.2,4.6,flynnma01
305,Cam Thomas,2138160,SG,21,BRK,57,4,16.6,3.5,8.0,0.441,0.9,2.3,0.383,2.6,5.7,0.464,0.497,2.6,3.1,0.868,0.1,1.5,1.7,1.4,0.4,0.1,1.1,1.0,10.6,thomaca02
306,Luke Kornet,2133278,C,27,BOS,69,0,11.7,1.6,2.5,0.665,0.0,0.2,0.231,1.6,2.3,0.701,0.674,0.5,0.6,0.821,1.2,1.6,2.9,0.8,0.2,0.7,0.4,1.2,3.8,kornelu01
307,Damion Lee,2133278,SG,30,PHO,74,5,20.4,2.7,6.1,0.442,1.5,3.3,0.445,1.2,2.8,0.439,0.564,1.3,1.4,0.904,0.5,2.5,3.0,1.3,0.4,0.1,1.1,1.6,8.2,leeda03
308,Juan Toscano-Anderson,2133278,SF,29,LAL/UTA,52,9,13.5,1.2,2.8,0.448,0.2,0.8,0.186,1.1,1.9,0.56,0.476,0.4,0.5,0.792,0.5,1.8,2.4,1.3,0.3,0.2,0.7,1.5,3.0,toscaju01
309,Desmond Bane,2130240,SG,24,MEM,58,58,31.7,7.8,16.2,0.479,2.9,7.0,0.408,4.9,9.2,0.534,0.568,3.1,3.5,0.883,0.7,4.3,5.0,4.4,1.0,0.4,2.2,2.6,21.5,banede01
310,Jaden Springer,2125200,SG,20,PHI,16,2,5.6,1.1,2.2,0.486,0.1,0.3,0.4,0.9,1.9,0.5,0.514,0.4,0.5,0.75,0.4,0.5,0.9,0.5,0.4,0.2,0.2,0.9,2.6,sprinja01
311,Day'Ron Sharpe,2109480,C,21,BRK,48,3,11.5,1.9,3.6,0.544,0.1,0.2,0.545,1.8,3.3,0.544,0.561,0.7,1.1,0.636,2.1,2.1,4.2,0.8,0.3,0.7,0.9,1.9,4.7,sharpda01
312,Tony Bradley,2036318,C,25,CHI,12,0,2.8,0.5,1.0,0.5,0.3,0.4,0.6,0.3,0.6,0.429,0.625,0.3,0.3,1.0,0.1,0.8,0.9,0.1,0.1,0.1,0.1,0.2,1.6,bradlto01
313,Frank Ntilikina,2036318,SG,24,DAL,47,5,12.9,1.0,2.8,0.364,0.4,1.4,0.254,0.7,1.4,0.477,0.428,0.5,0.7,0.667,0.1,1.2,1.3,1.2,0.3,0.1,0.6,1.4,2.9,ntilila01
314,Garrison Mathews,2000000,SG,26,HOU/ATL,54,0,12.7,1.4,3.7,0.363,1.2,3.3,0.35,0.2,0.4,0.476,0.52,0.9,1.0,0.906,0.2,1.1,1.4,0.5,0.4,0.1,0.4,1.1,4.8,mathega01
315,Jaylin Williams,2000000,C,20,OKC,49,36,18.7,2.1,4.8,0.436,0.9,2.3,0.407,1.1,2.5,0.463,0.534,0.8,1.1,0.704,0.9,4.0,4.9,1.6,0.6,0.2,0.8,2.3,5.9,willija07
316,Jeremiah Robinson-Earl,2000000,PF,22,OKC,43,20,18.9,2.6,5.8,0.444,0.9,2.6,0.333,1.7,3.2,0.533,0.518,0.8,1.0,0.833,1.7,2.5,4.2,1.0,0.6,0.3,0.4,1.7,6.8,robinje02
317,Kenrich Williams,2000000,PF,28,OKC,53,10,22.8,3.4,6.5,0.517,0.9,2.5,0.373,2.4,4.0,0.608,0.59,0.3,0.7,0.436,1.8,3.1,4.9,2.0,0.8,0.3,0.6,2.1,8.0,willike04
318,Caleb Houstan,2000000,SF,20,ORL,51,4,15.9,1.3,3.6,0.363,0.9,2.7,0.338,0.4,0.9,0.435,0.489,0.3,0.4,0.833,0.7,1.3,1.9,0.6,0.2,0.1,0.4,1.2,3.8,houstca01
319,Shake Milton,1997718,SG,26,PHI,76,11,20.6,3.2,6.6,0.479,0.7,1.9,0.378,2.4,4.7,0.521,0.535,1.3,1.5,0.853,0.5,2.0,2.5,3.2,0.3,0.2,1.2,1.6,8.4,miltosh01
320,Aaron Holiday,1968175,PG,26,ATL,63,6,13.4,1.5,3.5,0.418,0.6,1.4,0.409,0.9,2.1,0.424,0.5,0.4,0.5,0.844,0.4,0.8,1.2,1.4,0.6,0.2,0.6,1.3,3.9,holidaa01
321,Yuta Watanabe,1968175,SF,28,BRK,58,1,16.0,2.0,4.0,0.491,1.0,2.3,0.444,0.9,1.7,0.557,0.621,0.6,0.8,0.723,0.5,1.9,2.4,0.8,0.4,0.3,0.4,1.4,5.6,watanyu01
322,Edmond Sumner,1968175,SG,27,BRK,53,12,13.9,2.3,5.1,0.461,0.6,1.6,0.356,1.8,3.4,0.511,0.519,1.9,2.0,0.917,0.2,1.2,1.5,1.3,0.6,0.2,0.9,1.6,7.1,sumneed01
323,Theo Pinson,1968175,SG,27,DAL,40,1,8.1,0.8,2.2,0.356,0.6,1.6,0.355,0.2,0.6,0.36,0.483,0.3,0.3,0.846,0.3,1.3,1.6,1.2,0.2,0.0,0.3,0.9,2.4,pinsoth01
324,Thomas Bryant,1968175,C,25,DEN/LAL,59,26,18.3,3.9,6.3,0.623,0.4,1.0,0.441,3.5,5.3,0.658,0.659,1.6,2.1,0.738,1.5,4.3,5.7,0.5,0.3,0.5,0.6,1.7,9.8,bryanth01
325,Josh Okogie,1968175,SG,24,PHO,72,26,18.8,2.3,5.8,0.391,0.9,2.7,0.335,1.3,3.0,0.442,0.471,1.9,2.7,0.724,1.5,2.0,3.5,1.5,0.8,0.5,0.9,1.6,7.3,okogijo01
326,Drew Eubanks,1968175,C,25,POR,78,28,20.3,2.7,4.3,0.641,0.1,0.2,0.389,2.7,4.1,0.655,0.651,1.1,1.6,0.664,1.7,3.7,5.4,1.3,0.5,1.3,0.9,2.2,6.6,eubandr01
327,Dean Wade,1930681,PF,26,CLE,44,13,20.3,1.7,4.0,0.412,1.0,2.9,0.354,0.6,1.1,0.56,0.54,0.3,0.5,0.652,0.5,3.0,3.4,0.8,0.6,0.5,0.4,2.0,4.7,wadede01
328,Terance Mann,1930681,SG,26,LAC,81,36,23.1,3.4,6.5,0.519,1.0,2.4,0.389,2.4,4.0,0.598,0.593,1.1,1.5,0.78,1.0,2.5,3.4,2.3,0.5,0.3,1.0,1.8,8.8,mannte01
329,Jaylen Nowell,1930681,SG,23,MIN,65,2,19.3,4.3,9.6,0.448,1.0,3.6,0.289,3.3,6.0,0.542,0.502,1.2,1.5,0.778,0.6,2.1,2.6,2.0,0.6,0.1,1.0,1.6,10.8,nowelja01
330,Naz Reid,1930681,C,23,MIN,68,11,18.4,4.6,8.5,0.537,1.1,3.2,0.346,3.5,5.3,0.653,0.602,1.3,1.9,0.677,1.1,3.8,4.9,1.1,0.6,0.8,1.4,2.6,11.5,reidna01
331,Jalen McDaniels,1930681,SF,25,PHI/CHO,80,24,23.9,3.5,7.7,0.455,1.0,2.9,0.332,2.6,4.8,0.53,0.518,1.5,1.7,0.841,0.8,3.5,4.3,1.6,1.0,0.4,1.2,2.6,9.4,mcdanja01
332,Daniel Gafford,1930681,C,24,WAS,78,47,20.6,3.7,5.1,0.732,0.0,0.0,,3.7,5.1,0.732,0.732,1.6,2.4,0.679,2.1,3.5,5.6,1.1,0.4,1.3,1.1,2.4,9.0,gaffoda01
333,Chimezie Metu,1910860,PF,25,SAC,66,0,10.4,2.0,3.3,0.589,0.1,0.6,0.237,1.8,2.7,0.663,0.61,0.8,1.1,0.74,0.7,2.3,3.0,0.6,0.3,0.3,0.5,1.2,4.9,metuch01
334,Davon Reed,1902133,SG,27,DEN/LAL,43,1,8.0,0.7,2.0,0.333,0.4,1.1,0.37,0.3,0.9,0.289,0.435,0.4,0.6,0.667,0.2,1.1,1.4,0.5,0.3,0.1,0.5,0.9,2.1,reedda01
335,KZ Okpala,1902133,PF,23,SAC,35,3,7.1,0.5,1.1,0.421,0.2,0.6,0.333,0.3,0.5,0.529,0.513,0.2,0.2,0.875,0.2,0.8,1.0,0.4,0.2,0.2,0.2,1.1,1.3,okpalkz01
336,Wenyen Gabriel,1878720,C,25,LAL,68,2,15.1,2.3,3.8,0.596,0.1,0.5,0.278,2.1,3.3,0.647,0.615,0.8,1.2,0.619,1.7,2.5,4.2,0.5,0.4,0.5,0.7,2.1,5.5,gabriwe01
337,Thanasis Antetokounmpo,1878720,PF,30,MIL,37,0,5.6,0.5,1.2,0.435,0.0,0.2,0.0,0.5,1.0,0.526,0.435,0.3,0.6,0.5,0.4,0.8,1.2,0.4,0.1,0.1,0.3,0.6,1.4,antetth01
338,Moritz Wagner,1878720,C,25,ORL,57,18,19.5,3.5,6.9,0.5,0.9,2.9,0.313,2.6,4.1,0.631,0.564,2.7,3.2,0.841,1.2,3.3,4.5,1.5,0.6,0.2,1.2,2.4,10.5,wagnemo01
339,Keita Bates-Diop,1878720,PF,27,SAS,67,42,21.7,3.5,6.9,0.508,0.8,2.1,0.394,2.7,4.8,0.557,0.568,1.8,2.2,0.793,1.0,2.7,3.7,1.5,0.7,0.3,0.8,0.9,9.7,bateske01
340,Oshae Brissett,1846738,PF,24,IND,65,2,16.7,1.9,4.9,0.386,0.7,2.4,0.31,1.2,2.5,0.457,0.461,1.6,2.2,0.717,1.0,2.4,3.4,0.7,0.5,0.2,0.5,1.2,6.1,brissos01
341,Nathan Knight,1836090,C,25,MIN,38,0,7.7,1.2,2.1,0.568,0.2,0.6,0.364,1.0,1.6,0.644,0.617,1.0,1.5,0.684,0.6,0.9,1.5,0.3,0.3,0.2,0.6,1.1,3.7,knighna01
342,Justin Jackson,1836090,SF,27,BOS,23,0,4.7,0.3,1.2,0.259,0.2,0.9,0.25,0.1,0.3,0.286,0.352,0.0,0.1,0.5,0.1,0.7,0.7,0.4,0.2,0.2,0.1,0.3,0.9,jacksju01
343,Isaiah Joe,1836090,SG,23,OKC,73,10,19.1,3.1,7.0,0.441,2.2,5.4,0.409,0.9,1.6,0.553,0.599,1.1,1.4,0.82,0.4,2.0,2.4,1.2,0.7,0.1,0.5,1.4,9.5,joeis01
344,Ryan Arcidiacono,1836090,PG,28,NYK/POR,20,4,8.6,0.5,1.9,0.243,0.4,1.2,0.348,0.1,0.7,0.071,0.351,0.0,0.0,,0.0,0.8,0.8,1.2,0.3,0.0,0.4,0.9,1.3,arcidry01
345,Anthony Gill,1836090,PF,30,WAS,59,8,10.6,1.2,2.2,0.538,0.1,0.5,0.138,1.1,1.7,0.65,0.553,0.8,1.1,0.731,0.6,1.1,1.7,0.6,0.1,0.2,0.3,1.2,3.3,gillan01
346,Javonte Green,1815677,SF,29,CHI,32,1,15.0,1.9,3.4,0.565,0.4,1.1,0.371,1.5,2.3,0.658,0.625,0.9,1.4,0.667,0.8,1.9,2.8,0.7,0.8,0.7,0.6,1.6,5.2,greenja02
347,Gabe Vincent,1815677,PG,26,MIA,68,34,25.9,3.4,8.3,0.402,1.7,5.1,0.334,1.6,3.2,0.512,0.505,1.0,1.1,0.872,0.4,1.7,2.1,2.5,0.9,0.1,1.4,2.3,9.4,vincega01
348,Max Strus,1815677,SF,26,MIA,80,33,28.4,4.1,9.9,0.41,2.5,7.0,0.35,1.6,2.8,0.559,0.535,1.0,1.1,0.876,0.6,2.6,3.2,2.1,0.5,0.2,0.9,2.1,11.5,strusma01
349,Nick Richards,1782621,C,25,CHO,65,9,18.7,3.0,4.8,0.629,0.0,0.0,1.0,3.0,4.8,0.628,0.631,2.1,2.8,0.749,2.3,4.1,6.4,0.6,0.2,1.1,0.9,2.4,8.2,richani01
350,Lamar Stevens,1782621,SF,25,CLE,62,25,18.1,2.1,4.6,0.448,0.5,1.5,0.316,1.6,3.1,0.513,0.5,0.6,0.9,0.702,0.8,2.6,3.3,0.5,0.4,0.3,0.4,1.3,5.3,stevela01
351,Naji Marshall,1782621,SF,25,NOP,77,21,23.3,3.2,7.4,0.433,0.9,2.8,0.303,2.4,4.6,0.513,0.49,1.8,2.3,0.789,0.6,3.0,3.6,2.5,0.7,0.2,1.3,1.5,9.1,marshna01
352,Paul Reed,1782621,C,23,PHI,69,2,10.9,1.8,3.0,0.593,0.0,0.1,0.167,1.8,2.9,0.606,0.596,0.6,0.7,0.745,1.6,2.2,3.8,0.4,0.7,0.7,0.7,1.8,4.2,reedpa01
353,Tre Jones,1782621,PG,23,SAS,68,65,29.2,5.0,10.9,0.459,0.7,2.3,0.285,4.4,8.6,0.506,0.489,2.2,2.5,0.86,0.8,2.8,3.6,6.6,1.3,0.1,1.6,1.4,12.9,jonestr01
354,Haywood Highsmith,1752638,PF,26,MIA,54,11,17.9,1.7,4.0,0.431,0.7,2.0,0.339,1.0,2.0,0.523,0.516,0.2,0.5,0.464,1.1,2.4,3.5,0.8,0.7,0.3,0.8,1.5,4.4,highsha01
355,Omer Yurtseven,1752638,C,24,MIA,9,0,9.2,1.8,3.0,0.593,0.3,0.8,0.429,1.4,2.2,0.65,0.648,0.6,0.7,0.833,0.9,1.7,2.6,0.2,0.2,0.2,0.4,1.8,4.4,yurtsom01
356,Leandro Bolmaro,1709300,SF,22,UTA,14,0,4.9,0.2,1.4,0.15,0.0,0.3,0.0,0.2,1.1,0.188,0.15,0.0,0.0,,0.3,0.2,0.5,0.5,0.2,0.1,0.5,0.7,0.4,bolmale01
357,Terry Taylor,1703902,PF,23,CHI/IND,31,2,8.5,1.3,2.4,0.52,0.2,0.6,0.263,1.1,1.8,0.607,0.553,0.2,0.4,0.545,0.9,0.6,1.5,0.3,0.1,0.2,0.3,0.8,2.9,taylote01
358,Jared Butler,1674655,PG,22,OKC,6,1,12.8,2.5,5.3,0.469,1.2,2.3,0.5,1.3,3.0,0.444,0.578,0.0,0.0,,0.2,0.5,0.7,1.3,0.8,0.0,0.8,0.8,6.2,butleja02
359,Jericho Sims,1639842,C,24,NYK,52,16,15.6,1.6,2.1,0.776,0.0,0.0,0.0,1.6,2.0,0.783,0.776,0.2,0.3,0.75,1.9,2.8,4.7,0.5,0.3,0.5,0.5,1.8,3.4,simsje01
360,Sam Hauser,1637966,SF,25,BOS,80,8,16.1,2.3,5.0,0.455,1.8,4.2,0.418,0.5,0.8,0.656,0.631,0.2,0.2,0.706,0.4,2.1,2.6,0.9,0.4,0.3,0.4,1.2,6.4,hausesa01
361,Kessler Edwards,1637966,SF,22,BRK/SAC,36,4,10.7,1.0,2.6,0.387,0.5,1.5,0.309,0.5,1.1,0.5,0.478,0.3,0.4,0.733,0.6,1.1,1.7,0.6,0.4,0.2,0.4,1.1,2.8,edwarke02
362,Isaiah Todd,1575000,PF,21,WAS,6,1,10.2,0.5,3.2,0.158,0.2,1.7,0.1,0.3,1.5,0.222,0.184,0.3,0.3,1.0,0.3,1.7,2.0,0.7,0.2,0.0,0.3,0.7,1.5,toddis01
363,Vit Krejci,1563518,PG,22,ATL,29,0,5.7,0.5,1.3,0.405,0.2,0.7,0.238,0.3,0.6,0.625,0.473,0.0,0.1,0.5,0.2,0.7,0.9,0.6,0.2,0.0,0.2,0.6,1.2,krejcvi01
364,JT Thor,1563518,PF,20,CHO,69,8,14.0,1.4,3.4,0.399,0.6,1.8,0.317,0.8,1.7,0.487,0.481,0.5,0.7,0.702,0.5,1.7,2.2,0.5,0.3,0.3,0.6,1.0,3.8,thorjt01
365,Marko Simonovic,1563518,C,23,CHI,7,0,2.9,0.3,1.0,0.286,0.1,0.6,0.25,0.1,0.4,0.333,0.357,0.1,0.3,0.5,0.1,0.1,0.3,0.0,0.0,0.0,0.0,0.7,0.9,simonma01
366,Ayo Dosunmu,1563518,SG,23,CHI,80,51,26.2,3.5,7.1,0.493,0.7,2.4,0.312,2.8,4.8,0.583,0.545,0.8,1.0,0.805,0.6,2.2,2.8,2.6,0.8,0.3,1.2,2.3,8.6,dosunay01
367,Isaiah Livers,1563518,PF,24,DET,52,22,23.1,2.3,5.5,0.417,1.4,3.9,0.365,0.9,1.6,0.541,0.545,0.6,0.8,0.821,0.5,2.2,2.8,0.8,0.5,0.5,0.6,2.0,6.7,liveris01
368,Daishen Nix,1563518,PG,20,HOU,57,7,16.0,1.4,4.2,0.342,0.7,2.5,0.286,0.7,1.7,0.423,0.426,0.4,0.6,0.667,0.3,1.4,1.7,2.3,0.5,0.1,1.5,1.0,4.0,nixda01
369,Jason Preston,1563518,PG,23,LAC,14,0,8.9,1.3,2.9,0.439,0.4,1.3,0.278,0.9,1.6,0.565,0.5,0.0,0.1,0.0,0.1,1.4,1.6,1.9,0.1,0.0,0.7,0.5,2.9,prestja01
370,Austin Reaves,1563518,SG,24,LAL,64,22,28.8,4.0,7.7,0.529,1.3,3.4,0.398,2.7,4.3,0.631,0.616,3.6,4.1,0.864,0.5,2.5,3.0,3.4,0.5,0.3,1.5,1.7,13.0,reaveau01
371,Jose Alvarado,1563518,PG,24,NOP,61,10,21.5,3.3,8.0,0.411,1.4,4.0,0.336,1.9,4.0,0.488,0.496,1.1,1.3,0.813,0.5,1.9,2.3,3.0,1.1,0.2,1.3,2.0,9.0,alvarjo01
372,Miles McBride,1563518,PG,22,NYK,64,2,11.9,1.2,3.4,0.358,0.6,2.1,0.299,0.6,1.3,0.457,0.451,0.4,0.7,0.667,0.2,0.6,0.8,1.1,0.6,0.1,0.4,0.9,3.5,mcbrimi01
373,Aaron Wiggins,1563518,SG,24,OKC,70,14,18.5,2.7,5.2,0.512,0.7,1.7,0.393,2.0,3.4,0.573,0.579,0.8,1.0,0.831,1.0,2.0,3.0,1.1,0.6,0.2,0.8,1.6,6.8,wiggiaa01
374,Jock Landale,1563518,C,27,PHO,69,4,14.2,2.6,4.9,0.528,0.3,1.2,0.25,2.3,3.7,0.621,0.559,1.1,1.5,0.752,1.7,2.3,4.1,1.0,0.2,0.4,0.9,1.8,6.6,landajo01
375,Trendon Watford,1563518,PF,22,POR,62,12,19.1,2.9,5.2,0.56,0.4,1.0,0.391,2.5,4.2,0.602,0.599,1.2,1.6,0.72,0.7,3.2,3.8,2.1,0.5,0.2,1.1,1.9,7.4,watfotr01
376,Dalano Banton,1563518,PG,23,TOR,31,2,9.0,1.8,4.2,0.423,0.5,1.6,0.294,1.3,2.5,0.506,0.481,0.5,0.8,0.708,0.4,1.1,1.5,1.2,0.4,0.4,0.6,1.1,4.6,bantoda01
377,Christian Koloko,1500000,C,22,TOR,58,19,13.8,1.2,2.6,0.48,0.0,0.2,0.083,1.2,2.4,0.514,0.483,0.6,1.0,0.627,1.4,1.5,2.9,0.5,0.4,1.0,0.3,2.2,3.1,kolokch01
378,Bryce McGowens,1461055,SG,20,CHO,46,7,17.1,1.7,4.4,0.396,0.6,1.7,0.325,1.2,2.7,0.443,0.46,1.3,1.7,0.75,0.4,1.6,2.0,1.2,0.3,0.1,0.9,1.0,5.3,mcgowbr01
379,Jordan Goodwin,1280206,PG,24,WAS,62,7,17.8,2.5,5.7,0.448,0.6,1.9,0.322,1.9,3.8,0.511,0.501,0.9,1.1,0.768,0.9,2.4,3.3,2.7,0.9,0.4,0.9,1.5,6.6,goodwjo01
380,Kennedy Chandler,1200000,PG,20,MEM,36,0,7.8,1.0,2.3,0.422,0.1,0.4,0.133,0.9,1.9,0.485,0.434,0.2,0.4,0.462,0.3,0.8,1.1,1.6,0.3,0.1,0.5,0.4,2.2,chandke01
381,Noah Vonleh,1160955,C,27,BOS,23,1,7.4,0.5,1.0,0.458,0.0,0.2,0.25,0.4,0.9,0.5,0.479,0.1,0.1,1.0,0.8,1.3,2.1,0.3,0.1,0.3,0.5,1.5,1.1,vonleno01
382,Sandro Mamukelashvili,1116112,C,23,SAS/MIL,43,7,15.3,2.3,5.3,0.422,0.7,2.3,0.303,1.6,3.0,0.511,0.487,0.9,1.3,0.684,1.6,2.7,4.3,1.4,0.3,0.3,0.8,1.2,6.1,mamuksa01
383,Sam Merrill,1105522,SG,26,CLE,5,0,11.8,1.8,4.4,0.409,1.0,3.6,0.278,0.8,0.8,1.0,0.523,0.4,0.4,1.0,0.0,1.8,1.8,1.0,0.8,0.0,0.0,0.6,5.0,merrisa01
384,Tyrese Martin,1017781,SG,23,ATL,16,0,4.1,0.6,1.4,0.391,0.1,0.4,0.143,0.5,1.0,0.5,0.413,0.1,0.1,1.0,0.3,0.4,0.8,0.1,0.1,0.0,0.1,0.1,1.3,martity01
385,Jaden Hardy,1017781,SG,20,DAL,48,5,14.8,3.0,6.9,0.438,1.3,3.3,0.404,1.7,3.7,0.469,0.533,1.4,1.6,0.823,0.2,1.6,1.9,1.4,0.4,0.1,1.0,1.3,8.8,hardyja02
386,Ryan Rollins,1017781,PG,20,GSW,12,0,5.2,0.6,1.7,0.35,0.3,0.8,0.333,0.3,0.9,0.364,0.425,0.5,0.5,1.0,0.3,0.8,1.0,0.5,0.1,0.1,1.3,0.8,1.9,rolliry01
387,Max Christie,1017781,SG,19,LAL,41,3,12.5,1.1,2.6,0.415,0.6,1.5,0.419,0.4,1.1,0.409,0.538,0.3,0.4,0.875,0.2,1.7,1.8,0.5,0.2,0.2,0.3,0.8,3.1,chrisma02
388,Josh Minott,1017781,SF,20,MIN,15,0,6.4,1.2,2.4,0.5,0.1,0.4,0.333,1.1,2.0,0.533,0.528,0.5,0.5,1.0,0.3,1.3,1.7,0.3,0.3,0.4,0.2,0.7,3.1,minotjo01
389,Jabari Walker,1017781,SF,20,POR,56,0,11.1,1.5,3.5,0.419,0.3,1.0,0.286,1.2,2.5,0.472,0.46,0.6,0.8,0.756,0.9,1.5,2.3,0.6,0.2,0.2,0.5,1.2,3.9,walkeja01
390,Eugene Omoruyi,1013119,SF,25,DET/OKC,40,6,16.1,2.5,5.7,0.443,0.6,2.2,0.281,1.9,3.5,0.547,0.498,1.3,1.9,0.68,1.1,1.7,2.8,0.7,0.7,0.1,0.9,2.3,7.0,omorueu01
391,Kris Dunn,1000001,PG,28,UTA,22,3,25.8,5.3,9.8,0.537,0.8,1.6,0.472,4.5,8.2,0.55,0.576,1.9,2.4,0.774,0.4,4.1,4.5,5.6,1.1,0.5,1.6,2.6,13.2,dunnkr01
392,Admiral Schofield,877940,PF,25,ORL,37,0,12.2,1.5,3.3,0.451,0.6,2.0,0.324,0.8,1.3,0.646,0.549,0.6,0.6,0.913,0.6,1.1,1.7,0.8,0.2,0.1,0.4,1.6,4.2,schofad01
393,Justin Champagnie,853241,SF,21,BOS/TOR,5,0,6.8,1.0,3.0,0.333,0.2,1.0,0.2,0.8,2.0,0.4,0.367,0.0,0.0,,0.6,1.0,1.6,0.8,0.2,0.0,0.0,0.4,2.2,champju01
394,Trevelin Queen,838891,SG,25,IND,7,0,10.0,1.0,4.1,0.241,0.3,2.1,0.133,0.7,2.0,0.357,0.276,0.7,0.7,1.0,1.1,1.3,2.4,0.9,0.3,0.7,1.0,0.6,3.0,queentr01
395,Moses Brown,824041,C,23,BRK/LAC,36,1,8.2,1.7,2.7,0.635,0.0,0.0,,1.7,2.7,0.635,0.635,0.9,2.0,0.458,1.6,2.3,3.9,0.1,0.1,0.4,0.4,1.1,4.3,brownmo01
396,Matt Ryan,806097,SF,25,LAL/MIN,34,0,9.1,1.2,3.2,0.37,0.9,2.5,0.381,0.2,0.7,0.333,0.519,0.3,0.4,0.833,0.1,0.6,0.8,0.5,0.1,0.0,0.2,0.8,3.6,ryanma01
397,PJ Dozier,784654,SF,26,SAC,16,0,4.9,0.6,2.1,0.303,0.1,1.0,0.125,0.5,1.1,0.471,0.333,0.0,0.0,,0.1,0.8,0.9,0.6,0.4,0.1,0.3,0.4,1.4,doziepj01
398,Cody Zeller,743922,C,30,MIA,15,2,14.5,2.5,3.9,0.627,0.0,0.1,0.0,2.5,3.8,0.649,0.627,1.6,2.3,0.686,1.7,2.6,4.3,0.7,0.2,0.3,0.9,2.2,6.5,zelleco01
399,Meyers Leonard,713558,C,30,MIL,9,2,12.7,1.6,3.2,0.483,0.8,2.0,0.389,0.8,1.2,0.636,0.603,0.9,1.0,0.889,1.3,2.4,3.8,0.1,0.2,0.0,0.7,1.8,4.8,leoname01
400,Anthony Lamb,694878,SF,25,GSW,62,4,19.3,2.4,5.1,0.471,1.2,3.2,0.367,1.2,1.9,0.652,0.588,0.7,1.0,0.767,0.9,2.6,3.5,1.5,0.5,0.3,0.9,2.2,6.7,lamban01
401,Michael Carter-Williams,652829,PG,31,ORL,4,0,11.0,1.5,3.5,0.429,0.3,0.8,0.333,1.3,2.8,0.455,0.464,1.0,1.8,0.571,0.3,1.0,1.3,1.8,0.3,0.3,1.0,1.3,4.3,cartemi01
402,Carlik Jones,612162,PG,25,CHI,7,0,8.0,0.9,2.1,0.4,0.4,0.9,0.5,0.4,1.3,0.333,0.5,0.7,1.1,0.625,0.1,0.6,0.7,0.9,0.3,0.0,0.3,0.3,2.9,jonesca03
403,Trevor Keels,520589,SG,19,NYK,3,0,2.7,0.3,1.3,0.25,0.3,1.3,0.25,0.0,0.0,,0.375,0.0,0.0,,0.0,0.7,0.7,0.0,0.0,0.0,0.0,0.0,1.0,keelstr01
404,Dereon Seabron,511816,SG,22,NOP,5,0,2.4,0.4,1.0,0.4,0.0,0.0,,0.4,1.0,0.4,0.4,0.0,0.0,,0.2,0.0,0.2,0.0,0.0,0.0,0.0,0.2,0.8,seabrde01
405,Trent Forrest,508891,SG,24,ATL,23,3,12.0,1.1,2.6,0.417,0.0,0.1,0.0,1.1,2.5,0.431,0.417,0.1,0.1,0.667,0.2,1.4,1.6,1.7,0.3,0.1,0.7,0.7,2.3,forretr01
406,Mfiondu Kabengele,508891,PF,25,BOS,4,0,9.0,0.5,1.8,0.286,0.0,0.8,0.0,0.5,1.0,0.5,0.286,0.5,0.5,1.0,1.3,1.3,2.5,0.0,0.5,0.0,0.3,0.8,1.5,kabenmf01
407,JD Davison,508891,SG,20,BOS,12,0,5.5,0.7,1.6,0.421,0.2,0.6,0.286,0.5,1.0,0.5,0.474,0.1,0.2,0.5,0.2,0.6,0.8,0.9,0.2,0.2,0.3,0.4,1.6,davisjd01
408,Malcolm Hill,508891,SF,27,CHI,5,0,1.8,0.4,0.8,0.5,0.2,0.6,0.333,0.2,0.2,1.0,0.625,0.0,0.0,,0.0,0.6,0.6,0.0,0.0,0.0,0.0,0.2,1.0,hillma01
409,Mamadi Diakite,508891,C,26,CLE,22,2,8.0,1.1,2.3,0.48,0.3,1.0,0.333,0.8,1.3,0.586,0.55,0.1,0.1,1.0,0.4,1.0,1.4,0.4,0.2,0.4,0.5,1.2,2.6,diakima01
410,Isaiah Mobley,508891,PF,23,CLE,12,0,7.0,1.0,2.3,0.429,0.3,0.7,0.375,0.8,1.7,0.45,0.482,0.3,0.3,1.0,0.3,1.3,1.7,0.3,0.3,0.3,0.1,0.7,2.6,mobleis01
411,Jack White,508891,SF,25,DEN,17,0,3.9,0.5,1.1,0.421,0.2,0.5,0.333,0.3,0.6,0.5,0.5,0.1,0.2,0.667,0.4,0.6,1.0,0.2,0.2,0.1,0.1,0.5,1.2,whiteja03
412,Buddy Boeheim,508891,SF,23,DET,10,0,9.0,0.5,2.7,0.185,0.4,2.5,0.16,0.1,0.2,0.5,0.259,0.2,0.2,1.0,0.2,0.4,0.6,0.4,0.2,0.0,0.0,0.6,1.6,boehebu01
413,Darius Days,508891,SF,23,HOU,4,0,6.3,1.3,3.0,0.417,0.8,2.5,0.3,0.5,0.5,1.0,0.542,0.5,0.5,1.0,0.3,1.3,1.5,0.3,0.0,0.3,0.0,0.5,3.8,daysda01
414,Trevor Hudgins,508891,PG,23,HOU,5,0,5.6,0.4,1.8,0.222,0.4,1.6,0.25,0.0,0.2,0.0,0.333,0.6,0.6,1.0,0.0,0.0,0.0,0.6,0.0,0.0,0.2,0.2,1.8,hudgitr01
415,Kendall Brown,508891,SG,19,IND,6,0,6.7,0.7,1.2,0.571,0.0,0.2,0.0,0.7,1.0,0.667,0.571,0.2,0.3,0.5,0.3,0.7,1.0,0.5,0.7,0.0,0.3,1.5,1.5,brownke03
416,Cole Swider,508891,SF,23,LAL,7,0,5.9,0.4,1.3,0.333,0.4,1.1,0.375,0.0,0.1,0.0,0.5,0.0,0.0,,0.1,0.9,1.0,0.6,0.0,0.0,0.0,0.4,1.3,swideco01
417,Jamal Cain,508891,PF,23,MIA,18,0,13.3,2.1,3.7,0.561,0.4,1.1,0.35,1.7,2.6,0.652,0.614,0.9,1.2,0.773,0.8,2.1,2.9,0.7,0.6,0.1,0.3,1.2,5.4,cainja01
418,Luka Garza,508891,C,24,MIN,28,0,8.7,2.3,4.1,0.543,0.5,1.4,0.359,1.8,2.8,0.636,0.603,1.5,1.9,0.788,1.2,1.1,2.3,0.6,0.1,0.1,0.5,1.5,6.5,garzalu01
419,Kevon Harris,508891,SG,25,ORL,34,0,13.4,1.4,3.1,0.439,0.5,1.3,0.372,0.9,1.9,0.484,0.514,0.9,1.2,0.756,0.8,1.2,2.1,0.5,0.5,0.1,0.6,1.6,4.1,harrike01
420,Keon Ellis,508891,SG,23,SAC,16,0,4.4,0.4,1.0,0.438,0.4,0.8,0.5,0.1,0.3,0.25,0.625,0.3,0.4,0.571,0.3,0.3,0.5,0.4,0.3,0.1,0.1,0.6,1.5,elliske01
421,Neemias Queta,508891,C,23,SAC,5,0,5.8,1.2,1.8,0.667,0.0,0.0,,1.2,1.8,0.667,0.667,0.0,0.4,0.0,1.0,1.2,2.2,0.2,0.0,0.4,0.2,1.4,2.4,quetane01
422,Dominick Barlow,508891,PF,19,SAS,28,0,14.6,1.6,3.1,0.535,0.0,0.1,0.0,1.6,2.9,0.561,0.535,0.6,0.9,0.72,1.6,2.0,3.6,0.9,0.4,0.7,0.5,2.0,3.9,barlodo01
423,Julian Champagnie,508891,SF,21,SAS/PHI,17,3,18.8,3.5,7.6,0.454,1.9,4.8,0.402,1.5,2.8,0.542,0.581,0.8,1.0,0.824,0.6,2.9,3.5,0.6,0.4,0.3,0.6,1.5,9.7,champju02
424,Jeff Dowtin,508891,PG,25,TOR,25,0,10.4,1.0,2.3,0.439,0.2,0.6,0.313,0.8,1.6,0.488,0.482,0.2,0.4,0.667,0.2,0.7,0.9,1.2,0.4,0.1,0.2,0.5,2.4,dowtije01
425,Micah Potter,508891,PF,24,UTA,7,0,7.4,1.4,2.1,0.667,0.6,1.0,0.571,0.9,1.1,0.75,0.8,0.0,0.0,,0.4,1.9,2.3,0.6,0.1,0.0,0.3,0.7,3.4,pottemi01
426,Johnny Juzang,508891,SG,21,UTA,18,0,12.9,1.9,5.8,0.337,0.8,3.5,0.238,1.1,2.3,0.488,0.409,0.1,0.2,0.5,0.4,1.7,2.2,0.4,0.2,0.2,0.2,0.7,4.8,juzanjo01
427,John Butler,503041,C,20,POR,19,1,11.6,0.9,2.8,0.321,0.4,1.8,0.229,0.5,0.9,0.5,0.396,0.2,0.2,0.75,0.2,0.7,0.9,0.6,0.4,0.5,0.1,1.2,2.4,butlejo01
428,Chima Moneke,500000,SF,27,SAC,2,0,4.0,0.5,1.0,0.5,0.0,0.0,,0.5,1.0,0.5,0.5,0.0,1.0,0.0,1.0,0.0,1.0,0.5,0.0,0.0,1.0,1.0,1.0,monekch01
429,Facundo Campazzo,464299,PG,31,DAL,8,0,6.5,0.4,1.6,0.231,0.4,1.4,0.273,0.0,0.3,0.0,0.346,0.1,0.3,0.5,0.0,0.3,0.3,1.1,0.8,0.0,0.4,0.4,1.3,campafa01
430,Orlando Robinson,386055,C,22,MIA,31,1,13.7,1.5,2.9,0.528,0.0,0.2,0.0,1.5,2.7,0.566,0.528,0.7,1.0,0.71,1.5,2.5,4.1,0.8,0.4,0.4,0.5,1.7,3.7,robinor01
431,Dru Smith,374357,SG,25,BRK/MIA,15,1,10.5,1.2,3.0,0.4,0.3,1.3,0.263,0.9,1.7,0.5,0.456,0.2,0.2,1.0,0.1,1.5,1.6,1.5,0.7,0.3,0.2,1.5,2.9,smithdr01
432,Jared Rhoden,307089,SG,23,DET,14,0,14.1,1.2,3.1,0.386,0.4,1.4,0.25,0.9,1.7,0.5,0.443,0.4,0.4,1.0,0.8,1.9,2.6,0.3,0.3,0.1,0.2,1.6,3.2,rhodeja01
433,Louis King,307089,PF,23,PHI,1,0,29.0,8.0,13.0,0.615,4.0,8.0,0.5,4.0,5.0,0.8,0.769,0.0,1.0,0.0,2.0,2.0,4.0,2.0,1.0,0.0,2.0,4.0,20.0,kinglo02
434,Jarrett Culver,260295,SF,23,ATL,10,1,13.7,1.7,4.3,0.395,0.1,1.2,0.083,1.6,3.1,0.516,0.407,0.9,1.3,0.692,1.0,2.8,3.8,0.6,0.6,0.2,0.7,1.4,4.4,culveja01
435,Olivier Sarr,257371,C,23,OKC,9,1,12.7,1.7,3.3,0.5,0.1,0.9,0.125,1.6,2.4,0.636,0.517,0.6,0.8,0.714,1.3,2.1,3.4,0.4,0.1,0.6,0.4,1.9,4.0,sarrol01
436,Alondes Williams,254446,SG,23,BRK,1,0,5.0,0.0,0.0,,0.0,0.0,,0.0,0.0,,,0.0,0.0,,0.0,1.0,1.0,0.0,0.0,0.0,2.0,1.0,0.0,willial06
437,Donovan Williams,239822,SG,21,ATL,2,0,2.0,1.0,2.5,0.4,0.0,1.0,0.0,1.0,1.5,0.667,0.4,0.0,0.0,,0.0,1.0,1.0,0.0,0.0,0.0,0.0,0.0,2.0,willido02
438,Quenton Jackson,219630,PG,24,WAS,9,0,15.0,2.1,4.7,0.452,0.1,1.3,0.083,2.0,3.3,0.6,0.464,1.9,2.4,0.773,0.2,0.7,0.9,1.7,0.4,0.1,0.4,1.1,6.2,jacksqu01
439,Chris Silva,211045,PF,26,DAL,1,0,3.0,1.0,1.0,1.0,0.0,0.0,,1.0,1.0,1.0,1.0,0.0,0.0,,0.0,0.0,0.0,0.0,0.0,0.0,1.0,2.0,2.0,silvach01
440,Tyler Dorsey,201802,SF,26,DAL,3,0,2.7,1.3,1.7,0.8,0.3,0.7,0.5,1.0,1.0,1.0,0.9,0.0,0.0,,0.3,0.3,0.7,0.0,0.0,0.0,0.0,0.0,3.0,dorsety01
441,Braxton Key,201802,SF,25,DET,3,0,3.0,0.3,0.3,1.0,0.0,0.0,,0.3,0.3,1.0,1.0,0.7,0.7,1.0,0.0,0.3,0.3,0.0,0.0,0.0,0.0,0.0,1.3,keybr01
442,Jordan Hall,193027,SF,21,SAS,9,0,9.2,1.0,3.1,0.321,0.3,1.7,0.2,0.7,1.4,0.462,0.375,0.8,1.0,0.778,0.3,1.0,1.3,1.2,0.1,0.0,0.8,0.7,3.1,halljo02
443,Alize Johnson,192293,PF,26,SAS,4,0,7.5,0.8,1.5,0.5,0.0,0.5,0.0,0.8,1.0,0.75,0.5,0.3,0.5,0.5,0.5,2.0,2.5,0.3,0.3,0.0,1.0,0.8,1.8,johnsal02
444,Devon Dotson,169630,PG,23,WAS,6,0,8.8,0.2,1.7,0.1,0.2,0.7,0.25,0.0,1.0,0.0,0.15,0.0,0.0,,1.0,0.7,1.7,1.3,0.8,0.0,0.5,1.5,0.5,dotsode01
445,Mac McClung,160856,SG,24,PHI,2,0,20.5,4.5,10.0,0.45,2.0,5.5,0.364,2.5,4.5,0.556,0.55,1.5,2.5,0.6,1.5,3.5,5.0,4.5,0.0,0.0,1.5,1.5,12.5,mccluma01
446,Xavier Cooks,140384,PF,27,WAS,10,1,12.6,1.7,2.8,0.607,0.0,0.1,0.0,1.7,2.7,0.63,0.607,0.4,1.0,0.4,1.6,2.2,3.8,0.6,0.6,0.4,0.8,1.3,3.8,cooksxa01
447,Shaquille Harrison,134862,SG,29,POR,5,0,24.0,3.0,7.2,0.417,0.6,2.0,0.3,2.4,5.2,0.462,0.458,2.2,3.0,0.733,0.2,4.2,4.4,6.0,2.2,0.4,1.2,2.4,8.8,harrish01
448,Lester Quinones,129405,SG,22,GSW,4,0,4.5,0.5,1.3,0.4,0.5,1.0,0.5,0.0,0.3,0.0,0.6,1.0,1.5,0.667,0.3,0.5,0.8,0.5,0.3,0.0,1.3,0.0,2.5,quinole01
449,Xavier Moon,116986,SG,28,LAC,4,0,5.0,0.8,2.3,0.333,0.3,0.8,0.333,0.5,1.5,0.333,0.389,0.0,0.0,,0.0,0.8,0.8,1.3,0.0,0.0,0.3,0.5,1.8,moonxa01
450,Jamaree Bouyea,116986,PG,23,MIA/WAS,5,0,14.2,1.2,2.8,0.429,0.4,1.2,0.333,0.8,1.6,0.5,0.5,0.2,0.4,0.5,0.2,1.0,1.2,0.8,0.8,0.4,0.8,1.2,3.0,bouyeja01
451,Jay Huff,116986,C,24,WAS,7,0,13.6,2.1,3.6,0.6,0.9,1.7,0.5,1.3,1.9,0.692,0.72,2.1,2.3,0.938,0.9,2.1,3.0,1.4,0.4,0.6,0.7,2.1,7.3,huffja01
452,Skylar Mays,116574,PG,25,POR,6,6,31.5,5.7,11.3,0.5,2.0,4.3,0.462,3.7,7.0,0.524,0.588,2.0,2.2,0.923,0.3,2.8,3.2,8.3,1.0,0.2,1.7,1.8,15.3,mayssk01
453,Frank Jackson,113114,PG,24,UTA,1,0,5.0,0.0,3.0,0.0,0.0,1.0,0.0,0.0,2.0,0.0,0.0,0.0,0.0,,1.0,1.0,2.0,1.0,0.0,0.0,0.0,0.0,0.0,jacksfr01
454,Deonte Burton,105522,PF,29,SAC,2,0,3.0,0.0,1.0,0.0,0.0,0.5,0.0,0.0,0.5,0.0,0.0,0.0,0.0,,0.0,0.0,0.0,0.0,0.0,0.0,0.0,0.0,0.0,burtode02
455,Jarrell Brantley,105522,PF,26,UTA,4,0,9.8,2.0,3.5,0.571,1.0,2.3,0.444,1.0,1.3,0.8,0.714,0.5,0.5,1.0,0.3,1.3,1.5,0.8,0.0,0.5,0.5,0.8,5.5,brantja01
456,Xavier Sneed,102910,SF,25,CHO,4,0,12.0,1.3,2.5,0.5,0.8,1.5,0.5,0.5,1.0,0.5,0.65,1.0,1.0,1.0,0.0,1.3,1.3,1.3,0.0,0.3,0.8,1.8,4.3,sneedxa01
457,Lindell Wigginton,99438,PG,24,MIL,7,1,12.4,2.6,5.3,0.486,0.9,2.6,0.333,1.7,2.7,0.632,0.568,1.1,1.3,0.889,0.0,1.0,1.0,2.0,0.0,0.3,1.7,1.0,7.1,wiggili01
458,Jordan Schakel,96514,SF,24,WAS,2,0,3.0,0.5,1.0,0.5,0.5,0.5,1.0,0.0,0.5,0.0,0.75,0.0,0.0,,0.0,0.0,0.0,0.5,0.5,0.0,0.0,0.5,1.5,schakjo01
459,Stanley Umude,58493,SG,23,DET,1,0,2.0,0.0,1.0,0.0,0.0,1.0,0.0,0.0,0.0,,0.0,2.0,2.0,1.0,0.0,0.0,0.0,0.0,1.0,1.0,0.0,0.0,2.0,umudest01
460,Jeenathan Williams,52644,SG,23,POR,5,4,25.4,4.8,7.8,0.615,0.6,1.6,0.375,4.2,6.2,0.677,0.654,0.4,0.6,0.667,2.0,1.0,3.0,2.0,0.6,0.4,0.8,2.6,10.6,willije02
461,Jay Scrubb,49719,SG,22,ORL,2,0,15.0,2.5,3.5,0.714,1.0,1.0,1.0,1.5,2.5,0.6,0.857,0.5,1.0,0.5,0.0,3.0,3.0,0.5,1.0,0.0,1.5,1.0,6.5,scrubja01
462,Justin Minaya,35096,SF,23,POR,4,0,22.3,1.8,5.8,0.304,0.8,3.0,0.25,1.0,2.8,0.364,0.37,0.0,0.3,0.0,0.8,3.0,3.8,1.0,0.5,1.3,1.0,2.3,4.3,minayju01
463,Kobi Simmons,32795,SG,25,CHO,5,0,5.6,0.2,1.2,0.167,0.2,1.0,0.2,0.0,0.2,0.0,0.25,0.4,0.4,1.0,0.2,0.6,0.8,1.0,0.0,0.4,0.2,0.0,1.0,simmoko01
464,Gabe York,32171,SG,29,IND,3,0,18.7,2.7,7.0,0.381,2.0,6.0,0.333,0.7,1.0,0.667,0.524,0.7,0.7,1.0,0.0,2.0,2.0,1.7,0.7,0.0,0.0,1.7,8.0,yorkga01
465,RaiQuan Gray,5849,PF,23,BRK,1,0,35.0,6.0,12.0,0.5,2.0,5.0,0.4,4.0,7.0,0.571,0.583,2.0,2.0,1.0,3.0,6.0,9.0,7.0,0.0,1.0,4.0,5.0,16.0,grayra01
466,Jacob Gilyard,5849,PG,24,MEM,1,0,41.0,1.0,3.0,0.333,1.0,3.0,0.333,0.0,0.0,,0.5,0.0,0.0,,0.0,4.0,4.0,7.0,3.0,0.0,2.0,3.0,3.0,gilyaja01
